id,nickname,real_name,nationality,image_url,image_file,current_team,latest_tournament,avg_rank,avg_kill,avg_damage,avg_survive_time,team_history,source_url
2,Su999,Yu Lin,China,https://wstatic-prod-boc.krafton.com/entry/player/20250321/BT3KPy5u.png,pubg_players\images\2.png,EDWARD GAMING,2025 PUBG Champions League Autumn,8.3,0.87,156.29,20:59,"[{""year"": 2025, ""team"": ""EDWARD GAMING""}, {""year"": 2025, ""team"": ""TYLOO""}, {""year"": 2024, ""team"": ""17Gaming""}, {""year"": 2023, ""team"": ""17Gaming""}, {""year"": 2022, ""team"": ""17Gaming""}, {""year"": 2021, ""team"": ""17Gaming""}]",https://pubgesports.com/vi/players/2
7,v1n1zxz,Marcos Vinicios de Sousa,-,https://wstatic-prod-boc.krafton.com/common/player/20241109/6viUeyq9/v1n1.png,pubg_players\images\7.png,Bestia,PUBG Americas Series 6,7.5,0.54,131.37,20:29,"[{""year"": 2025, ""team"": ""Bestia""}, {""year"": 2024, ""team"": ""Luna Galaxy""}, {""year"": 2023, ""team"": ""BRAZIL""}, {""year"": 2023, ""team"": ""Decimate""}, {""year"": 2023, ""team"": ""Synergy Esports""}, {""year"": 2022, ""team"": ""22 Esports""}, {""year"": 2021, ""team"": ""22 Esports""}]",https://pubgesports.com/vi/players/7
12,TrisK22cm,Allan Guarinello,United States of America,https://wstatic-prod-boc.krafton.com/esports-legacy/resources/player/303_trisk.png,pubg_players\images\12.png,YING YANG,PUBG Americas Series 6,7.6,0.87,209.12,21:14,"[{""year"": 2025, ""team"": ""55""}, {""year"": 2025, ""team"": ""YING YANG""}, {""year"": 2024, ""team"": ""ANIMANI4CS""}, {""year"": 2024, ""team"": ""Meu Último Tiro""}, {""year"": 2021, ""team"": ""303 Esports""}]",https://pubgesports.com/vi/players/12
31,CeeJay18,Christian Joy A. Estrella,Philippines,https://wstatic-prod-boc.krafton.com/common/player/20260622/YmXe8C5m/PHL_CeeJay18.png,pubg_players\images\31.png,PHILIPPINES,PUBG NATIONS CUP 2026,10.6,0.8,191.7,17:26,"[{""year"": 2026, ""team"": ""PHILIPPINES""}, {""year"": 2025, ""team"": ""HAPPIE SQUAD""}, {""year"": 2025, ""team"": ""PHILIPPINES""}, {""year"": 2024, ""team"": ""ArkAngel Predator""}, {""year"": 2022, ""team"": ""ArkAngel Predator""}, {""year"": 2021, ""team"": ""ArkAngel Predator""}, {""year"": 2020, ""team"": ""ArkAngel Predator""}]",https://pubgesports.com/vi/players/31
35,EJ,Jungwoo Lee,Korea (the Republic of),https://wstatic-prod-boc.krafton.com/common/player/20260804/Fng5oKi4/GK_EJ.png,pubg_players\images\35.png,Geekay Esports,2026 PUBG Global Series 7,8.7,1.09,159.85,17:55,"[{""year"": 2026, ""team"": ""Geekay Esports""}, {""year"": 2025, ""team"": ""SooperStar""}, {""year"": 2024, ""team"": ""ELEVEN ESPORTS""}, {""year"": 2023, ""team"": ""Gen.G""}, {""year"": 2021, ""team"": ""Afreeca Freecs""}, {""year"": 2020, ""team"": ""Afreeca Freecs""}]",https://pubgesports.com/vi/players/35
38,CodeMarco,Bünyamin Yalçınkaya,Türkiye,https://wstatic-prod-boc.krafton.com/common/player/20260622/2c87i8mB/TUR_CodeMarco.png,pubg_players\images\38.png,TURKIYE,PUBG NATIONS CUP 2026,8.2,0.92,187.78,17:17,"[{""year"": 2026, ""team"": ""TURKIYE""}, {""year"": 2025, ""team"": ""Eternal Fire""}, {""year"": 2025, ""team"": ""Türkiye""}, {""year"": 2024, ""team"": ""ETERNAL FIRE""}, {""year"": 2024, ""team"": ""HOWL""}, {""year"": 2024, ""team"": ""TURKIYE""}, {""year"": 2023, ""team"": ""Digital Athletics""}, {""year"": 2023, ""team"": ""TURKIYE""}, {""year"": 2022, ""team"": ""BBL Esports""}, {""year"": 2021, ""team"": ""BBL Esports""}, {""year"": 2021, ""team"": ""Digital Athletics""}, {""year"": 2020, ""team"": ""Digital Athletics""}, {""year"": 2020, ""team"": ""Etiget Esports""}]",https://pubgesports.com/vi/players/38
43,Conaxy,Krissada Mukmongkol,-,https://wstatic-prod-boc.krafton.com/common/player/20250122/QP2QIXbh/conaxy.png,pubg_players\images\43.png,FW ESPORTS,PUBG PLAYERS MASTERS INVITATIONAL,7.2,0.8,147.66,18:12,"[{""year"": 2025, ""team"": ""FW Esports""}, {""year"": 2025, ""team"": ""R8 Esports""}, {""year"": 2024, ""team"": ""Buriram United Esports""}, {""year"": 2023, ""team"": ""Buriram United Esports""}, {""year"": 2022, ""team"": ""Buriram United Esports""}, {""year"": 2021, ""team"": ""Buriram United Esports""}, {""year"": 2020, ""team"": ""Buriram United Esports""}]",https://pubgesports.com/vi/players/43
44,Eaddy,Atip Sangphet,-,https://wstatic-prod-boc.krafton.com/common/player/20251011/6oFM2e0w/brueaddy.png,pubg_players\images\44.png,Buriram United Esports,PUBG Global Series 10,9.0,0.83,155.19,18:31,"[{""year"": 2025, ""team"": ""Buriram United Esports""}, {""year"": 2024, ""team"": ""Buriram United Esports""}, {""year"": 2023, ""team"": ""Buriram United Esports""}, {""year"": 2022, ""team"": ""Buriram United Esports""}, {""year"": 2021, ""team"": ""Buriram United Esports""}, {""year"": 2020, ""team"": ""Buriram United Esports""}]",https://pubgesports.com/vi/players/44
47,alec,Louise Alecxander Bathan,Philippines,https://wstatic-prod-boc.krafton.com/common/player/20260622/sl20qkUp/PHL_alec.png,pubg_players\images\47.png,PHILIPPINES,PUBG NATIONS CUP 2026,10.6,1.12,197.45,17:10,"[{""year"": 2026, ""team"": ""PHILIPPINES""}, {""year"": 2024, ""team"": ""ArkAngel Predator""}, {""year"": 2023, ""team"": ""ArkAngel Predator""}, {""year"": 2021, ""team"": ""The Colony PH""}]",https://pubgesports.com/vi/players/47
49,Eyaaa,Kalbender E. Singh,Philippines,https://wstatic-prod-boc.krafton.com/common/player/20260622/13MpFodC/PHL_Eyaaa.png,pubg_players\images\49.png,PHILIPPINES,PUBG NATIONS CUP 2026,10.6,0.84,121.75,15:18,"[{""year"": 2026, ""team"": ""PHILIPPINES""}, {""year"": 2025, ""team"": ""HAPPIE SQUAD""}, {""year"": 2023, ""team"": ""Pintados eSports""}, {""year"": 2021, ""team"": ""ArkAngel Predator""}, {""year"": 2021, ""team"": ""The Colony PH""}, {""year"": 2020, ""team"": ""ArkAngel Predator""}]",https://pubgesports.com/vi/players/49
55,Belmoth,Chonchanoke Chankasem,Thailand,https://wstatic-prod-boc.krafton.com/common/player/20260804/9Vntghej/FS_Belmoth.png,pubg_players\images\55.png,FULL SENSE,2026 PUBG Global Series 7,7.0,0.64,185.46,21:50,"[{""year"": 2026, ""team"": ""FULL SENSE""}, {""year"": 2026, ""team"": ""THAILAND""}, {""year"": 2025, ""team"": ""Daytrade Gaming""}, {""year"": 2025, ""team"": ""FULL SENSE""}, {""year"": 2024, ""team"": ""Daytrade Gaming""}, {""year"": 2023, ""team"": ""Daytrade Gaming""}, {""year"": 2022, ""team"": ""Daytrade Gaming""}, {""year"": 2022, ""team"": ""THAILAND""}, {""year"": 2021, ""team"": ""Sharper Esports""}, {""year"": 2020, ""team"": ""Daytrade Gaming""}]",https://pubgesports.com/vi/players/55
56,Flash,Peeraphas Temkla,Thailand,https://wstatic-prod-boc.krafton.com/common/player/20260804/FYl8FpLn/FS_Flash.png,pubg_players\images\56.png,FULL SENSE,2026 PUBG Global Series 7,7.0,0.73,163.02,20:48,"[{""year"": 2026, ""team"": ""FULL SENSE""}, {""year"": 2025, ""team"": ""Daytrade Gaming""}, {""year"": 2025, ""team"": ""FULL SENSE""}, {""year"": 2024, ""team"": ""Daytrade Gaming""}, {""year"": 2023, ""team"": ""Daytrade Gaming""}, {""year"": 2022, ""team"": ""Daytrade Gaming""}, {""year"": 2021, ""team"": ""Daytrade Gaming""}, {""year"": 2020, ""team"": ""Daytrade Gaming""}]",https://pubgesports.com/vi/players/56
57,Nourinz,Tanaporn Udompornampai,Thailand,https://wstatic-prod-boc.krafton.com/common/player/20260804/l0IEiYm5/EA_Nourinz.png,pubg_players\images\57.png,eArena,2026 PUBG Global Series 7,6.8,1.36,288.19,22:32,"[{""year"": 2026, ""team"": ""eArena""}, {""year"": 2025, ""team"": ""eArena""}, {""year"": 2024, ""team"": ""Daytrade Gaming""}, {""year"": 2024, ""team"": ""THAILAND""}, {""year"": 2023, ""team"": ""Daytrade Gaming""}, {""year"": 2023, ""team"": ""THAILAND""}, {""year"": 2022, ""team"": ""Daytrade Gaming""}, {""year"": 2022, ""team"": ""THAILAND""}, {""year"": 2021, ""team"": ""Daytrade Gaming""}, {""year"": 2020, ""team"": ""Daytrade Gaming""}]",https://pubgesports.com/vi/players/57
60,f1nna,Brandon Finskars,Canada,https://wstatic-prod-boc.krafton.com/common/player/20260622/csjxg1G7/CAN_f1nna.png,pubg_players\images\60.png,CANADA,PUBG NATIONS CUP 2026,12.2,0.4,53.45,14:05,"[{""year"": 2026, ""team"": ""CANADA""}, {""year"": 2025, ""team"": ""CANADA""}, {""year"": 2025, ""team"": ""EMPIRE Gaming""}, {""year"": 2024, ""team"": ""Aces Crew""}, {""year"": 2024, ""team"": ""CANADA""}, {""year"": 2024, ""team"": ""RATZ""}, {""year"": 2023, ""team"": ""CANADA""}, {""year"": 2023, ""team"": ""RATZ""}, {""year"": 2022, ""team"": ""CANADA""}, {""year"": 2022, ""team"": ""Dodge""}, {""year"": 2021, ""team"": ""Dodge""}, {""year"": 2020, ""team"": ""Dodge""}]",https://pubgesports.com/vi/players/60
70,Rex,Hae Chan Kim,Korea (the Republic of),https://wstatic-prod-boc.krafton.com/common/player/20260316/TTYrvFQD/DNS_Rex.png,pubg_players\images\70.png,DN SOOPers,2026 PUBG Global Series 7,11.2,0.33,102.08,15:33,"[{""year"": 2026, ""team"": ""DN SOOPers""}, {""year"": 2025, ""team"": ""Dplus KIA""}, {""year"": 2025, ""team"": ""FN Pocheon""}, {""year"": 2024, ""team"": ""Gen.G""}, {""year"": 2024, ""team"": ""Gen.G Esports""}, {""year"": 2023, ""team"": ""KWANGDONG FREECS""}, {""year"": 2022, ""team"": ""Danawa e-sports""}, {""year"": 2021, ""team"": ""Danawa e-sports""}, {""year"": 2020, ""team"": ""T1""}]",https://pubgesports.com/vi/players/70
71,Salute,WOO JE HYEON,Korea (the Republic of),https://wstatic-prod-boc.krafton.com/common/player/20260804/jxTF323M/GEN_Salute.png,pubg_players\images\71.png,Gen.G Esports,2026 PUBG Global Series 7,11.2,0.5,130.57,17:43,"[{""year"": 2026, ""team"": ""Gen.G Esports""}, {""year"": 2025, ""team"": ""DN FREECS""}, {""year"": 2025, ""team"": ""KOREA""}, {""year"": 2024, ""team"": ""KOREA""}, {""year"": 2024, ""team"": ""KWANGDONG FREECS""}, {""year"": 2023, ""team"": ""Danawa e-sports""}, {""year"": 2022, ""team"": ""Danawa e-sports""}, {""year"": 2021, ""team"": ""Danawa e-sports""}]",https://pubgesports.com/vi/players/71
72,seoul,Giyeol Cho,Korea (the Republic of),https://wstatic-prod-boc.krafton.com/common/player/20260804/SNsNNVV9/GEN_Salute-1.png,pubg_players\images\72.png,Gen.G Esports,2026 PUBG Global Series 7,11.2,0.83,152.97,17:59,"[{""year"": 2026, ""team"": ""Gen.G Esports""}, {""year"": 2025, ""team"": ""Anyone's Legend""}, {""year"": 2025, ""team"": ""Dplus KIA""}, {""year"": 2025, ""team"": ""KOREA""}, {""year"": 2024, ""team"": ""Dplus KIA""}, {""year"": 2024, ""team"": ""KOREA""}, {""year"": 2023, ""team"": ""Danawa e-sports""}, {""year"": 2023, ""team"": ""KOREA""}, {""year"": 2022, ""team"": ""Danawa e-sports""}, {""year"": 2022, ""team"": ""KOREA""}, {""year"": 2021, ""team"": ""Danawa e-sports""}]",https://pubgesports.com/vi/players/72
81,ChibirittWHL,Risky Junaidi Putra,Indonesia,https://wstatic-prod.pubgesports.com/web/live/main_216c17e/img/21c48fd.png,pubg_players\images\81.png,Iconic Esport,PGS APAC Qualifiers 2025 Phase 2,9.5,0.67,171.21,20:47,"[{""year"": 2025, ""team"": ""Alter Ego""}, {""year"": 2025, ""team"": ""Qiwa Esports""}, {""year"": 2023, ""team"": ""One Call""}, {""year"": 2021, ""team"": ""EAGLE 365 Esports""}, {""year"": 2020, ""team"": ""Victim Rise""}]",https://pubgesports.com/vi/players/81
82,Hanzyy,Muhammad Farhan Tiftazani,-,https://wstatic-prod.pubgesports.com/web/live/main_216c17e/img/21c48fd.png,pubg_players\images\82.png,Shadow Esport,ESPORTS WORLD CUP 2026,9.3,0.47,153.8,17:49,"[{""year"": 2026, ""team"": ""Shadow Esports""}, {""year"": 2025, ""team"": ""Shadow Esport""}, {""year"": 2021, ""team"": ""EAGLE 365 Esports""}]",https://pubgesports.com/vi/players/82
88,SKUIJKE,Saku Sajakoski,Finland,https://wstatic-prod-boc.krafton.com/esports-legacy/upload/T_GAME_TEAM_PLAYER/20220425/65ba6087057dc596_202204251001036061.png,pubg_players\images\88.png,Kitchen,PUBG EMEA Championship: Fall,12.0,0.13,71.88,16:04,"[{""year"": 2025, ""team"": ""kitchen""}, {""year"": 2022, ""team"": ""ENCE""}, {""year"": 2021, ""team"": ""ENCE""}, {""year"": 2020, ""team"": ""ENCE""}]",https://pubgesports.com/vi/players/88
91,ps1co,Andrei Gonçalves de Carvalho,-,https://wstatic-prod-boc.krafton.com/common/player/20240319/U42AGF58/ps1co.png,pubg_players\images\91.png,+55 e-Sports,PUBG Americas Series 6,7.8,1.38,219.59,21:42,"[{""year"": 2025, ""team"": ""+55 e-Sports""}, {""year"": 2024, ""team"": ""55 e-Sports""}, {""year"": 2023, ""team"": ""iNCO Gaming""}, {""year"": 2021, ""team"": ""Enrage Esports""}]",https://pubgesports.com/vi/players/91
94,Aitzy,Ludvik Greger Jahnsen,Norway,https://wstatic-prod-boc.krafton.com/common/player/20260622/2P9OZqOv/NOR_Aitzy.png,pubg_players\images\94.png,NORWAY,PUBG NATIONS CUP 2026,8.0,0.3,125.03,19:04,"[{""year"": 2026, ""team"": ""NORWAY""}, {""year"": 2025, ""team"": ""FUT Esports""}, {""year"": 2025, ""team"": ""NORWAY""}, {""year"": 2024, ""team"": ""FUT Esports""}, {""year"": 2024, ""team"": ""NORWAY""}, {""year"": 2023, ""team"": ""FUT Esports""}, {""year"": 2023, ""team"": ""NH-ESPORTS""}, {""year"": 2022, ""team"": ""FaZe Clan""}, {""year"": 2021, ""team"": ""FaZe Clan""}, {""year"": 2020, ""team"": ""FaZe Clan""}]",https://pubgesports.com/vi/players/94
95,Fexx,Christopher Stephen Wheddon,United Kingdom,https://wstatic-prod-boc.krafton.com/common/player/20260622/iguCyMzn/GBR_Fexx.png,pubg_players\images\95.png,UNITED KINGDOM,PUBG NATIONS CUP 2026,9.1,0.92,265.15,17:35,"[{""year"": 2026, ""team"": ""UNITED KINGDOM""}, {""year"": 2025, ""team"": ""FaZe Clan""}, {""year"": 2025, ""team"": ""UNITED KINGDOM""}, {""year"": 2024, ""team"": ""FaZe Clan""}, {""year"": 2024, ""team"": ""UNITED KINGDOM""}, {""year"": 2023, ""team"": ""FaZe Clan""}, {""year"": 2023, ""team"": ""UNITED KINGDOM""}, {""year"": 2022, ""team"": ""FaZe Clan""}, {""year"": 2022, ""team"": ""UNITED KINGDOM""}, {""year"": 2021, ""team"": ""FaZe Clan""}, {""year"": 2020, ""team"": ""TSM FTX""}]",https://pubgesports.com/vi/players/95
96,Gustav,Gustav Lykke Blønd,Denmark,https://wstatic-prod-boc.krafton.com/common/player/20260804/Nb6c7D4k/FLC_Gustav.png,pubg_players\images\96.png,Falcons,2026 PUBG Global Series 7,9.2,0.73,160.73,18:41,"[{""year"": 2026, ""team"": ""DENMARK""}, {""year"": 2026, ""team"": ""Falcons""}, {""year"": 2026, ""team"": ""Team Falcons""}, {""year"": 2025, ""team"": ""DENMARK""}, {""year"": 2025, ""team"": ""FaZe Clan""}, {""year"": 2024, ""team"": ""FaZe Clan""}, {""year"": 2023, ""team"": ""DENMARK""}, {""year"": 2023, ""team"": ""FaZe Clan""}, {""year"": 2022, ""team"": ""FaZe Clan""}, {""year"": 2021, ""team"": ""FaZe Clan""}, {""year"": 2020, ""team"": ""FaZe Clan""}]",https://pubgesports.com/vi/players/96
109,Inonix,Hee Joo Na,Korea (the Republic of),https://wstatic-prod-boc.krafton.com/common/player/20260316/3saagkPR/CR_Inonix.png,pubg_players\images\109.png,Crazy Raccoon,2026 PUBG Global Series 6,9.6,0.65,149.41,20:48,"[{""year"": 2026, ""team"": ""Crazy Raccoon""}, {""year"": 2025, ""team"": ""FN Pocheon""}, {""year"": 2024, ""team"": ""DANAWA ATTACK ZERO""}, {""year"": 2024, ""team"": ""Danawa e-sports""}, {""year"": 2024, ""team"": ""KOREA""}, {""year"": 2023, ""team"": ""Danawa e-sports""}, {""year"": 2023, ""team"": ""KOREA""}, {""year"": 2022, ""team"": ""Gen.G""}, {""year"": 2022, ""team"": ""GenG""}, {""year"": 2022, ""team"": ""KOREA""}, {""year"": 2021, ""team"": ""Gen.G""}, {""year"": 2021, ""team"": ""GenG""}, {""year"": 2020, ""team"": ""GenG""}]",https://pubgesports.com/vi/players/109
111,Savior,"HU, WEI-ZHONG",Chinese Taipei,https://wstatic-prod-boc.krafton.com/common/player/20260622/4bPJXO25/TPE_Savior.png,pubg_players\images\111.png,CHINESE TAIPEI,PUBG NATIONS CUP 2026,9.2,0.6,108.83,18:10,"[{""year"": 2026, ""team"": ""CHINESE TAIPEI""}, {""year"": 2025, ""team"": ""CHINESE TAIPEI""}, {""year"": 2025, ""team"": ""Xavage Men Esports""}, {""year"": 2024, ""team"": ""CHINESE TAIPEI""}, {""year"": 2024, ""team"": ""Dai Zhu Xmen Esport""}, {""year"": 2024, ""team"": ""Dai Zhu Xmen Esports""}, {""year"": 2024, ""team"": ""Xavage Men Esports""}, {""year"": 2023, ""team"": ""CHINESE TAIPEI""}, {""year"": 2023, ""team"": ""Global Esports Xsset""}, {""year"": 2023, ""team"": ""Xavage Men Esports""}, {""year"": 2022, ""team"": ""CHINESE TAIPEI""}, {""year"": 2022, ""team"": ""Global Esports Xsset""}, {""year"": 2021, ""team"": ""Global Esports Xsset""}, {""year"": 2021, ""team"": ""K7 Esports""}, {""year"": 2020, ""team"": ""Global Esports Xsset Ace""}, {""year"": 2020, ""team"": ""K7 Esports""}]",https://pubgesports.com/vi/players/111
123,Beami,Benjamin Bech Steffensen,Denmark,https://wstatic-prod-boc.krafton.com/common/player/20260804/VteNWpWS/VP_Beami.png,pubg_players\images\123.png,Virtus.pro,2026 PUBG Global Series 7,5.9,1.45,310.09,20:54,"[{""year"": 2026, ""team"": ""DENMARK""}, {""year"": 2026, ""team"": ""Virtus.pro""}, {""year"": 2025, ""team"": ""DENMARK""}, {""year"": 2025, ""team"": ""Virtus.pro""}, {""year"": 2024, ""team"": ""FUT Esports""}, {""year"": 2024, ""team"": ""Gascans""}, {""year"": 2024, ""team"": ""Virtus Pro""}, {""year"": 2023, ""team"": ""DENMARK""}, {""year"": 2023, ""team"": ""FUT Esports""}, {""year"": 2022, ""team"": ""HEROIC""}, {""year"": 2021, ""team"": ""HEROIC""}, {""year"": 2020, ""team"": ""Bystanders""}]",https://pubgesports.com/vi/players/123
125,TeaBone,Luke Alexander Crafer,United Kingdom,https://wstatic-prod-boc.krafton.com/common/player/20260622/0A6sWPQC/GBR_TeaBone.png,pubg_players\images\125.png,UNITED KINGDOM,PUBG NATIONS CUP 2026,9.1,1.04,176.54,17:40,"[{""year"": 2026, ""team"": ""UNITED KINGDOM""}, {""year"": 2025, ""team"": ""FUT Esports""}, {""year"": 2025, ""team"": ""UNITED KINGDOM""}, {""year"": 2024, ""team"": ""FUT Esports""}, {""year"": 2024, ""team"": ""UNITED KINGDOM""}, {""year"": 2023, ""team"": ""FUT Esports""}, {""year"": 2023, ""team"": ""UNITED KINGDOM""}, {""year"": 2022, ""team"": ""HEROIC""}, {""year"": 2022, ""team"": ""UNITED KINGDOM""}, {""year"": 2021, ""team"": ""HEROIC""}, {""year"": 2020, ""team"": ""Omaken Sports""}]",https://pubgesports.com/vi/players/125
126,Boliang,Chen Qicheng,China,https://wstatic-prod-boc.krafton.com/entry/player/20250321/hGeFtTtw.png,pubg_players\images\126.png,Team Magic,2025 PUBG Champions League Autumn,8.6,0.77,143.61,19:39,"[{""year"": 2025, ""team"": ""Chosen Clique Gaming""}, {""year"": 2025, ""team"": ""Team Magic""}, {""year"": 2025, ""team"": ""Weibo Gaming""}, {""year"": 2024, ""team"": ""Chosen Clique Gaming""}, {""year"": 2023, ""team"": ""Sheng Yi Xin Long""}, {""year"": 2023, ""team"": ""ShuaiGeDui""}, {""year"": 2021, ""team"": ""INFANTRY""}, {""year"": 2020, ""team"": ""INFANTRY""}]",https://pubgesports.com/vi/players/126
128,LongSkr,Deng Ruilong,China,https://wstatic-prod-boc.krafton.com/entry/player/20250321/DX8b53lw.png,pubg_players\images\128.png,EDWARD GAMING,2025 PUBG Champions League Autumn,8.3,1.18,270.5,20:48,"[{""year"": 2025, ""team"": ""Chosen Clique Gaming""}, {""year"": 2025, ""team"": ""EDWARD GAMING""}, {""year"": 2024, ""team"": ""NewHappy Esports""}, {""year"": 2024, ""team"": ""NH-Esports""}, {""year"": 2023, ""team"": ""CHINA""}, {""year"": 2023, ""team"": ""Tianba Esports""}, {""year"": 2022, ""team"": ""INFANTRY""}, {""year"": 2021, ""team"": ""INFANTRY""}, {""year"": 2020, ""team"": ""INFANTRY""}]",https://pubgesports.com/vi/players/128
137,1ee,Li Jixing,China,https://wstatic-prod-boc.krafton.com/common/player/20260804/lKEYXavA/TYL_1ee.png,pubg_players\images\137.png,TYLOO,2026 PUBG Global Series 7,8.5,1.5,164.64,19:34,"[{""year"": 2026, ""team"": ""TYLOO""}, {""year"": 2025, ""team"": ""Change The Game""}, {""year"": 2025, ""team"": ""WEIBO GAMING""}, {""year"": 2024, ""team"": ""Change The Game""}, {""year"": 2021, ""team"": ""Multi Circle Gaming""}, {""year"": 2020, ""team"": ""Multi Circle Gaming""}]",https://pubgesports.com/vi/players/137
154,xmpl,Artem Dmitrievich Adarkin,-,https://wstatic-prod-boc.krafton.com/common/player/20260804/uU54EKym/TWIS_xmpl.png,pubg_players\images\154.png,Twisted Minds,2026 PUBG Global Series 7,8.2,1.18,191.92,19:45,"[{""year"": 2026, ""team"": ""Twisted Minds""}, {""year"": 2025, ""team"": ""Twisted Minds""}, {""year"": 2024, ""team"": ""Twisted Minds""}, {""year"": 2023, ""team"": ""NATUS VINCERE""}, {""year"": 2022, ""team"": ""NATUS VINCERE""}, {""year"": 2021, ""team"": ""NATUS VINCERE""}, {""year"": 2020, ""team"": ""Tornado Energy""}]",https://pubgesports.com/vi/players/154
170,SixSackz,Sarayut Paideen,Thailand,https://wstatic-prod-boc.krafton.com/common/player/20241120/iwVVaWvh/sixsack.png,pubg_players\images\170.png,FW ESPORTS,PUBG PLAYERS MASTERS INVITATIONAL,7.2,0.67,97.1,21:31,"[{""year"": 2025, ""team"": ""FW Esports""}, {""year"": 2024, ""team"": ""FW Esports""}, {""year"": 2023, ""team"": ""FW Esports""}, {""year"": 2021, ""team"": ""Sharper Esports""}, {""year"": 2020, ""team"": ""GoldenCat""}, {""year"": 2020, ""team"": ""Sharper Esports""}]",https://pubgesports.com/vi/players/170
176,M1ME,Austin Scherff,-,https://wstatic-prod-boc.krafton.com/entry/player/20240319/A5u3BmG6.png,pubg_players\images\176.png,Bestia,PUBG Americas Series 6,7.6,1.04,174.59,20:28,"[{""year"": 2025, ""team"": ""Bestia""}, {""year"": 2024, ""team"": ""Bestia""}, {""year"": 2024, ""team"": ""Team Falcons""}, {""year"": 2023, ""team"": ""Luminosity Gaming""}, {""year"": 2023, ""team"": ""Soniqs""}, {""year"": 2022, ""team"": ""Soniqs""}, {""year"": 2021, ""team"": ""Soniqs""}, {""year"": 2020, ""team"": ""Soniqs""}]",https://pubgesports.com/vi/players/176
177,Shrimzy,Tristan Nowicki,United States of America,https://wstatic-prod-boc.krafton.com/common/player/20260804/Mab1x5wP/FLC_Shrimzy.png,pubg_players\images\177.png,Falcons,2026 PUBG Global Series 7,9.2,1.0,183.2,18:14,"[{""year"": 2026, ""team"": ""Falcons""}, {""year"": 2026, ""team"": ""Team Falcons""}, {""year"": 2026, ""team"": ""UNITED STATES""}, {""year"": 2025, ""team"": ""Team Falcons""}, {""year"": 2025, ""team"": ""USA""}, {""year"": 2024, ""team"": ""Soniqs""}, {""year"": 2024, ""team"": ""USA""}, {""year"": 2023, ""team"": ""Soniqs""}, {""year"": 2023, ""team"": ""USA""}, {""year"": 2022, ""team"": ""Soniqs""}, {""year"": 2022, ""team"": ""USA""}, {""year"": 2021, ""team"": ""Soniqs""}, {""year"": 2020, ""team"": ""Soniqs""}]",https://pubgesports.com/vi/players/177
178,TGLTN,James Giezen,Australia,https://wstatic-prod-boc.krafton.com/common/player/20260804/RI476ZwV/FLC_TGLTN.png,pubg_players\images\178.png,Falcons,2026 PUBG Global Series 7,9.2,0.64,233.83,18:32,"[{""year"": 2026, ""team"": ""AUSTRALIA""}, {""year"": 2026, ""team"": ""Falcons""}, {""year"": 2026, ""team"": ""Team Falcons""}, {""year"": 2025, ""team"": ""AUSTRALIA""}, {""year"": 2025, ""team"": ""Team Falcons""}, {""year"": 2024, ""team"": ""AUSTRALIA""}, {""year"": 2024, ""team"": ""Soniqs""}, {""year"": 2023, ""team"": ""AUSTRALIA""}, {""year"": 2023, ""team"": ""Soniqs""}, {""year"": 2022, ""team"": ""AUSTRALIA""}, {""year"": 2022, ""team"": ""Soniqs""}, {""year"": 2021, ""team"": ""Soniqs""}, {""year"": 2020, ""team"": ""Soniqs""}]",https://pubgesports.com/vi/players/178
181,BeaN,Oh Wonbeen,Korea (the Republic of),https://wstatic-prod-boc.krafton.com/common/player/20260804/cRmsSvP0/GEN_BeaN.png,pubg_players\images\181.png,Gen.G Esports,2026 PUBG Global Series 7,11.2,0.33,81.35,17:09,"[{""year"": 2026, ""team"": ""Gen.G Esports""}, {""year"": 2025, ""team"": ""Gen.G""}, {""year"": 2024, ""team"": ""KWANGDONG FREECS""}, {""year"": 2023, ""team"": ""Eagle Owls""}, {""year"": 2021, ""team"": ""DWG KIA""}, {""year"": 2021, ""team"": ""T1""}]",https://pubgesports.com/vi/players/181
185,monty,Alexander Watters,Australia,https://wstatic-prod-boc.krafton.com/common/player/20260622/YjLXKoxW/AUS_monty.png,pubg_players\images\185.png,AUSTRALIA,PUBG NATIONS CUP 2026,10.3,0.6,166.1,18:25,"[{""year"": 2026, ""team"": ""AUSTRALIA""}, {""year"": 2025, ""team"": ""Aurora""}, {""year"": 2025, ""team"": ""AUSTRALIA""}, {""year"": 2025, ""team"": ""Decimate Gaming""}, {""year"": 2024, ""team"": ""AUSTRALIA""}, {""year"": 2024, ""team"": ""Team Bliss""}, {""year"": 2023, ""team"": ""EXO Clan""}, {""year"": 2022, ""team"": ""AUSTRALIA""}, {""year"": 2022, ""team"": ""team Bliss""}, {""year"": 2021, ""team"": ""team Bliss""}, {""year"": 2020, ""team"": ""Carnage""}]",https://pubgesports.com/vi/players/185
195,Kaymind,Thierry Kaltenback,-,https://wstatic-prod-boc.krafton.com/common/player/20260622/cXOvQ7iC/CAN_Kaymind.png,pubg_players\images\195.png,CANADA,PUBG NATIONS CUP 2026,12.2,0.7,91.59,14:39,"[{""year"": 2026, ""team"": ""CANADA""}, {""year"": 2025, ""team"": ""DUEL""}, {""year"": 2020, ""team"": ""team Liquid""}]",https://pubgesports.com/vi/players/195
205,C1moyQIWA,Fakhri Adha,Indonesia,https://wstatic-prod-boc.krafton.com/common/player/20250718/q4ab8oIq/c1moy.png,pubg_players\images\205.png,Alter Ego,PGS APAC Qualifiers 2025 Phase 2,9.5,0.92,154.84,21:17,"[{""year"": 2025, ""team"": ""Alter Ego""}, {""year"": 2025, ""team"": ""INDONESIA""}, {""year"": 2025, ""team"": ""Qiwa Esports""}, {""year"": 2024, ""team"": ""BLEED Esports""}, {""year"": 2024, ""team"": ""From The Future""}, {""year"": 2024, ""team"": ""INDONESIA""}, {""year"": 2023, ""team"": ""One Call""}, {""year"": 2021, ""team"": ""Victim Rise""}, {""year"": 2020, ""team"": ""Victim Rise""}]",https://pubgesports.com/vi/players/205
244,Rain1ng,JongMyeong KIM,Korea (the Republic of),https://wstatic-prod-boc.krafton.com/common/player/20260804/jCOC86rp/T1_Rain1ng.png,pubg_players\images\244.png,T1,2026 PUBG Global Series 7,8.5,1.18,156.61,19:33,"[{""year"": 2026, ""team"": ""T1""}, {""year"": 2025, ""team"": ""KOREA""}, {""year"": 2025, ""team"": ""T1""}, {""year"": 2024, ""team"": ""Beyond Stratos Gaming""}, {""year"": 2024, ""team"": ""T1""}, {""year"": 2023, ""team"": ""Daedong LAVEGA""}, {""year"": 2021, ""team"": ""ATA""}, {""year"": 2020, ""team"": ""SeolHaeOne Prince""}]",https://pubgesports.com/vi/players/244
250,Smallccc,Hu Shi,China,https://wstatic-prod-boc.krafton.com/entry/player/20250321/E2SCAJNj.png,pubg_players\images\250.png,Team Magic,2025 PUBG Champions League Autumn,10.7,0.25,105.95,17:47,"[{""year"": 2025, ""team"": ""Soy Milk Squad""}, {""year"": 2025, ""team"": ""Team Magic""}, {""year"": 2024, ""team"": ""RainbowStyle""}, {""year"": 2024, ""team"": ""Soy Milk Squad""}, {""year"": 2023, ""team"": ""17Gaming""}, {""year"": 2020, ""team"": ""Still Moving under Gunfire""}]",https://pubgesports.com/vi/players/250
260,Ayoh,Lee Choung Beom,Korea (the Republic of),https://wstatic-prod.pubgesports.com/web/live/main_216c17e/img/21c48fd.png,pubg_players\images\260.png,GNL ESPORTS,2025 PUBG WEEKLY SERIES: Phase 2,8.0,0.96,164.18,20:08,"[{""year"": 2025, ""team"": ""GNL ESPORTS""}, {""year"": 2025, ""team"": ""Star Balloon""}, {""year"": 2023, ""team"": ""Star Balloon""}, {""year"": 2020, ""team"": ""OPGG SPORTS""}]",https://pubgesports.com/vi/players/260
269,Sololzy,Luong Ngoc Hien,Vietnam,https://wstatic-prod-boc.krafton.com/common/player/20260722/0m1vlzk0/AL_Sololzy(1).png,pubg_players\images\269.png,Anyone's Legend,2026 PUBG Global Series 7,9.0,0.5,138.53,19:52,"[{""year"": 2026, ""team"": ""AG.AL""}, {""year"": 2026, ""team"": ""Anyone's Legend""}, {""year"": 2026, ""team"": ""VIETNAM""}, {""year"": 2025, ""team"": ""Anyone's Legend""}, {""year"": 2025, ""team"": ""Cerberus Esports""}, {""year"": 2025, ""team"": ""Finhay CERBERUS""}, {""year"": 2025, ""team"": ""VIETNAM""}, {""year"": 2024, ""team"": ""CERBERUS Esports""}, {""year"": 2023, ""team"": ""Cerberus Esports""}, {""year"": 2022, ""team"": ""Cerberus Esports""}, {""year"": 2021, ""team"": ""Cerberus Esports""}, {""year"": 2020, ""team"": ""Cerberus Esports""}]",https://pubgesports.com/vi/players/269
271,Best1301,Vo Thanh Vinh,-,https://wstatic-prod.pubgesports.com/web/live/main_216c17e/img/21c48fd.png,pubg_players\images\271.png,Fight For Life,PGS APAC Qualifiers 2025 Phase 2,11.3,0.75,177.24,18:40,"[{""year"": 2025, ""team"": ""Fight For Life""}, {""year"": 2023, ""team"": ""New House Esports""}, {""year"": 2023, ""team"": ""X-Stadium Thu Duc""}, {""year"": 2020, ""team"": ""Unicorn Cyber Danang""}]",https://pubgesports.com/vi/players/271
277,AljnBOTz,Renbert Alex Joseph E. Alvior,Philippines,https://wstatic-prod-boc.krafton.com/common/player/20260622/afY5iijE/PHL_AljnBOTz.png,pubg_players\images\277.png,PHILIPPINES,PUBG NATIONS CUP 2026,10.6,0.72,168.62,17:17,"[{""year"": 2026, ""team"": ""PHILIPPINES""}, {""year"": 2025, ""team"": ""HAPPIE SQUAD""}, {""year"": 2025, ""team"": ""PHILIPPINES""}, {""year"": 2024, ""team"": ""ArkAngel Predator""}, {""year"": 2023, ""team"": ""ArkAngel Predator""}, {""year"": 2022, ""team"": ""ArkAngel Predator""}, {""year"": 2021, ""team"": ""ArkAngel Predator""}, {""year"": 2020, ""team"": ""AfterAlt""}]",https://pubgesports.com/vi/players/277
290,edvk1ng,Azyvati Karesna Putera,-,https://wstatic-prod.pubgesports.com/web/live/main_216c17e/img/21c48fd.png,pubg_players\images\290.png,Shadow Esport,PGS APAC Qualifiers 2025 Phase 2,10.6,0.2,103.61,17:49,"[{""year"": 2025, ""team"": ""ROY Esports""}, {""year"": 2025, ""team"": ""Shadow Esport""}, {""year"": 2020, ""team"": ""From The Future""}]",https://pubgesports.com/vi/players/290
356,Lobes,Austin McWethy,-,https://wstatic-prod-boc.krafton.com/esports-legacy/resources/player/hard_lobes.png,pubg_players\images\356.png,DUEL,PUBG Americas Series 6,9.1,0.5,113.35,18:09,"[{""year"": 2025, ""team"": ""DUEL""}, {""year"": 2020, ""team"": ""Houston Hardshifts""}]",https://pubgesports.com/vi/players/356
362,icyflex,Steven Barreto,-,https://wstatic-prod.pubgesports.com/web/live/main_216c17e/img/21c48fd.png,pubg_players\images\362.png,Gooners,PUBG Americas Series 6,11.0,0.69,157.57,15:37,"[{""year"": 2025, ""team"": ""Gooners""}, {""year"": 2024, ""team"": ""Ascendance""}, {""year"": 2020, ""team"": ""Illusion""}]",https://pubgesports.com/vi/players/362
387,IceTech,Logan McCauley,-,https://wstatic-prod.pubgesports.com/web/live/main_216c17e/img/21c48fd.png,pubg_players\images\387.png,4DOGZ,PUBG Americas Series 6,9.6,0.6,113.29,19:51,"[{""year"": 2025, ""team"": ""4DOGZ""}, {""year"": 2023, ""team"": ""Dynamic""}, {""year"": 2023, ""team"": ""Sakura Zensen""}, {""year"": 2020, ""team"": ""Liberate""}]",https://pubgesports.com/vi/players/387
388,JRhead,James Rhead,-,https://wstatic-prod-boc.krafton.com/common/player/20251011/Z8NFYNSH/qadjrhead.png,pubg_players\images\388.png,AlQadsiah,PUBG Global Championship 2025,,,,-,"[{""year"": 2025, ""team"": ""AlQadsiah""}, {""year"": 2024, ""team"": ""Elevate""}, {""year"": 2023, ""team"": ""Elevate""}, {""year"": 2020, ""team"": ""Liberate""}]",https://pubgesports.com/vi/players/388
390,SimplyMatt,/,-,https://wstatic-prod.pubgesports.com/web/live/main_216c17e/img/21c48fd.png,pubg_players\images\390.png,Gooners,PUBG Americas Series 6,11.0,0.88,183.24,16:46,"[{""year"": 2025, ""team"": ""Gooners""}, {""year"": 2023, ""team"": ""Soniqs""}, {""year"": 2020, ""team"": ""Liberate""}]",https://pubgesports.com/vi/players/390
394,TsoK,Kory Verschoore,-,https://wstatic-prod.pubgesports.com/web/live/main_216c17e/img/21c48fd.png,pubg_players\images\394.png,Gooners,PUBG Americas Series 6,14.3,0.58,50.92,09:19,"[{""year"": 2025, ""team"": ""Gooners""}, {""year"": 2024, ""team"": ""Ascendance""}, {""year"": 2024, ""team"": ""CANADA""}, {""year"": 2023, ""team"": ""Funny Business INC""}, {""year"": 2023, ""team"": ""SNEK""}, {""year"": 2021, ""team"": ""Wildcard Gaming""}, {""year"": 2020, ""team"": ""Elus1ve""}]",https://pubgesports.com/vi/players/394
395,CtrkN,Tarık Coşkun,Türkiye,https://wstatic-prod-boc.krafton.com/esports-legacy/resources/player/gup_ctrkn.png,pubg_players\images\395.png,Bushido,PUBG EMEA Championship: Fall,,,,-,"[{""year"": 2025, ""team"": ""Bushido""}, {""year"": 2024, ""team"": ""Stardust""}, {""year"": 2023, ""team"": ""Bumble Squad""}, {""year"": 2021, ""team"": ""Gear Up""}]",https://pubgesports.com/vi/players/395
407,Starlord,Jongho Lee,Korea (the Republic of),https://wstatic-prod-boc.krafton.com/common/player/20251011/pb1xwJ4W/fnstarlord.png,pubg_players\images\407.png,FN Pocheon,PUBG Global Championship 2025,9.5,0.5,141.26,20:49,"[{""year"": 2025, ""team"": ""FN Pocheon""}, {""year"": 2024, ""team"": ""Dplus KIA""}, {""year"": 2023, ""team"": ""ENTER FORCE.36""}, {""year"": 2021, ""team"": ""ENTER FORCE36""}, {""year"": 2021, ""team"": ""T1""}, {""year"": 2020, ""team"": ""T1""}]",https://pubgesports.com/vi/players/407
408,curexi,Timi Henry Valtteri Tenhula,-,https://wstatic-prod-boc.krafton.com/common/player/20260804/iD4hYmwp/VP_curexi.png,pubg_players\images\408.png,Virtus.pro,2026 PUBG Global Series 7,5.9,0.73,207.99,21:37,"[{""year"": 2026, ""team"": ""FINLAND""}, {""year"": 2026, ""team"": ""Virtus.pro""}, {""year"": 2025, ""team"": ""FaZe Clan""}, {""year"": 2025, ""team"": ""Virtus.pro""}, {""year"": 2024, ""team"": ""FaZe Clan""}, {""year"": 2023, ""team"": ""FaZe Clan""}, {""year"": 2022, ""team"": ""FINLAND""}, {""year"": 2022, ""team"": ""HEROIC""}, {""year"": 2021, ""team"": ""HEROIC""}]",https://pubgesports.com/vi/players/408
409,MMing,Yinan Chen,China,https://wstatic-prod-boc.krafton.com/common/player/20260316/9R3vCL1Z/PeRo_MMing.png,pubg_players\images\409.png,Petrichor Road,2026 PUBG Global Series 7,7.7,1.45,316.69,21:53,"[{""year"": 2026, ""team"": ""Petrichor Road""}, {""year"": 2025, ""team"": ""CHINA""}, {""year"": 2025, ""team"": ""Petrichor Road""}, {""year"": 2024, ""team"": ""CHINA""}, {""year"": 2024, ""team"": ""NewHappy Esports""}, {""year"": 2024, ""team"": ""NH-Esports""}, {""year"": 2023, ""team"": ""NewHappy Esports""}, {""year"": 2023, ""team"": ""NH-ESPORTS""}, {""year"": 2022, ""team"": ""CHINA""}, {""year"": 2022, ""team"": ""NH-ESPORTS""}, {""year"": 2021, ""team"": ""NH-ESPORTS""}]",https://pubgesports.com/vi/players/409
410,ZpYan1,Zhou Pinyan,China,https://wstatic-prod-boc.krafton.com/entry/player/20250321/EEq4mrk6.png,pubg_players\images\410.png,Game start win,PUBG Global Championship 2025,10.3,0.83,139.07,20:03,"[{""year"": 2025, ""team"": ""Four Angry Men""}, {""year"": 2025, ""team"": ""GAME START WIN""}, {""year"": 2025, ""team"": ""Ninjas in Pyjamas""}, {""year"": 2024, ""team"": ""Four Angry Men""}, {""year"": 2023, ""team"": ""FOUR ANGRY MEN""}, {""year"": 2023, ""team"": ""NH-Esports""}, {""year"": 2022, ""team"": ""CHINA""}, {""year"": 2022, ""team"": ""NH-ESPORTS""}, {""year"": 2021, ""team"": ""NH-ESPORTS""}]",https://pubgesports.com/vi/players/410
412,HSmm,Yanwen Wang,China,https://wstatic-prod-boc.krafton.com/common/player/20260316/z8B3DL5o/4AM_HSmm.png,pubg_players\images\412.png,FOUR ANGRY MEN,2026 PUBG Global Series 7,9.5,0.91,163.39,18:35,"[{""year"": 2026, ""team"": ""FOUR ANGRY MEN""}, {""year"": 2025, ""team"": ""FOUR ANGRY MEN""}, {""year"": 2024, ""team"": ""Four Angry Men""}, {""year"": 2023, ""team"": ""FOUR ANGRY MEN""}, {""year"": 2023, ""team"": ""NH-Esports""}, {""year"": 2022, ""team"": ""NH-ESPORTS""}, {""year"": 2021, ""team"": ""NH-ESPORTS""}]",https://pubgesports.com/vi/players/412
414,ADOUZ1E,Roman Zinovev,-,https://wstatic-prod-boc.krafton.com/common/player/20260622/xFxTgblR/NEU_ADOUZ1E.png,pubg_players\images\414.png,NEUTRAL TEAM,PUBG NATIONS CUP 2026,7.2,0.88,224.08,19:52,"[{""year"": 2026, ""team"": ""NEUTRAL TEAM""}, {""year"": 2025, ""team"": ""BB Team""}, {""year"": 2024, ""team"": ""BB Team""}, {""year"": 2023, ""team"": ""Question Mark""}, {""year"": 2022, ""team"": ""Question Mark""}, {""year"": 2021, ""team"": ""Question Mark""}, {""year"": 2021, ""team"": ""Unique""}, {""year"": 2020, ""team"": ""Raise Your Edge""}]",https://pubgesports.com/vi/players/414
419,btm,Semianiaka Maksim Igaravich,-,https://wstatic-prod-boc.krafton.com/esports-legacy/resources/player/exn_btm.png,pubg_players\images\419.png,Nemiga Gaming,PUBG Global Championship 2025,,,,-,"[{""year"": 2025, ""team"": ""Nemiga Gaming""}, {""year"": 2025, ""team"": ""Winordie""}, {""year"": 2022, ""team"": ""win or die""}, {""year"": 2021, ""team"": ""EXhalatioN""}]",https://pubgesports.com/vi/players/419
422,PaoPao,Wang Zijun,China,https://wstatic-prod-boc.krafton.com/entry/player/20250321/BT31X82g.png,pubg_players\images\422.png,WEIBO GAMING,2025 PUBG Champions League Autumn,8.0,0.83,201.85,20:03,"[{""year"": 2025, ""team"": ""WEIBO GAMING""}, {""year"": 2024, ""team"": ""Tianba Esports""}, {""year"": 2023, ""team"": ""Tianba Esports""}, {""year"": 2020, ""team"": ""Rush B Gaming""}]",https://pubgesports.com/vi/players/422
431,Capitan,Facundo Solsona,Argentina,https://wstatic-prod-boc.krafton.com/common/player/20260622/pgDPGFQC/ARG_Capitan.png,pubg_players\images\431.png,ARGENTINA,PUBG NATIONS CUP 2026,8.8,1.56,258.43,18:08,"[{""year"": 2026, ""team"": ""ARGENTINA""}, {""year"": 2025, ""team"": ""ARGENTINA""}, {""year"": 2025, ""team"": ""TOYO""}, {""year"": 2025, ""team"": ""TOYO ESPORTS""}, {""year"": 2024, ""team"": ""Bestia""}, {""year"": 2024, ""team"": ""TOYO ESPORTS""}, {""year"": 2023, ""team"": ""ARGENTINA""}, {""year"": 2023, ""team"": ""FIUMBA""}, {""year"": 2023, ""team"": ""Team Falcons""}, {""year"": 2022, ""team"": ""FIUMBA""}, {""year"": 2021, ""team"": ""FIUMBA""}, {""year"": 2021, ""team"": ""KPI Gaming""}]",https://pubgesports.com/vi/players/431
432,Dr4FTk1NG,Ignacio David Falzone,Argentina,https://wstatic-prod-boc.krafton.com/common/player/20260622/93a96aRR/ARG_Dr4ftk1NG.png,pubg_players\images\432.png,ARGENTINA,PUBG NATIONS CUP 2026,8.8,1.36,289.65,19:49,"[{""year"": 2026, ""team"": ""ARGENTINA""}, {""year"": 2026, ""team"": ""FURIA""}, {""year"": 2025, ""team"": ""ARGENTINA""}, {""year"": 2025, ""team"": ""Bestia""}, {""year"": 2024, ""team"": ""ARGENTINA""}, {""year"": 2024, ""team"": ""Bestia""}, {""year"": 2023, ""team"": ""ARGENTINA""}, {""year"": 2023, ""team"": ""FIUMBA""}, {""year"": 2023, ""team"": ""Team Falcons""}, {""year"": 2022, ""team"": ""FIUMBA""}, {""year"": 2021, ""team"": ""FIUMBA""}, {""year"": 2021, ""team"": ""KPI Gaming""}]",https://pubgesports.com/vi/players/432
433,Emi,Emiliano Nicolás Fidalgo,Argentina,https://wstatic-prod-boc.krafton.com/common/player/20250720/vKK72n5K/emi.png,pubg_players\images\433.png,TOYO ESPORTS,PUBG Americas Series 6,7.9,0.9,179.16,21:14,"[{""year"": 2025, ""team"": ""ARGENTINA""}, {""year"": 2025, ""team"": ""TOYO""}, {""year"": 2025, ""team"": ""TOYO ESPORTS""}, {""year"": 2024, ""team"": ""ARGENTINA""}, {""year"": 2024, ""team"": ""TOYO ESPORTS""}, {""year"": 2023, ""team"": ""ARGENTINA""}, {""year"": 2023, ""team"": ""FIUMBA""}, {""year"": 2023, ""team"": ""Team Falcons""}, {""year"": 2022, ""team"": ""FIUMBA""}, {""year"": 2021, ""team"": ""FIUMBA""}, {""year"": 2021, ""team"": ""KPI Gaming""}]",https://pubgesports.com/vi/players/433
440,PIPAA,Leonardo Rafael Ruppel,-,https://wstatic-prod-boc.krafton.com/common/player/20260622/gn0fU1se/ARG_PIPAA.png,pubg_players\images\440.png,ARGENTINA,PUBG NATIONS CUP 2026,8.8,1.44,209.01,19:21,"[{""year"": 2026, ""team"": ""ARGENTINA""}, {""year"": 2025, ""team"": ""+55 e-Sports""}, {""year"": 2025, ""team"": ""OP""}, {""year"": 2025, ""team"": ""TOYO ESPORTS""}, {""year"": 2024, ""team"": ""ARGENTINA""}, {""year"": 2024, ""team"": ""Bestia""}, {""year"": 2024, ""team"": ""TOYO ESPORTS""}, {""year"": 2023, ""team"": ""Synergy Esports""}, {""year"": 2022, ""team"": ""Synergy Esports""}, {""year"": 2021, ""team"": ""Latin Dominus""}, {""year"": 2021, ""team"": ""Synergy Esports""}]",https://pubgesports.com/vi/players/440
444,Silky,Choi Ji-hoon,Korea (the Republic of),https://wstatic-prod-boc.krafton.com/esports-legacy/resources/player/00_default.png,pubg_players\images\444.png,PHANTOM HEARTS_E,2025 PUBG WEEKLY SERIES: Phase 2,7.5,0.79,161.24,20:12,"[{""year"": 2025, ""team"": ""PHANTOM HEARTS_E""}, {""year"": 2025, ""team"": ""Phantom_Hearts_E""}, {""year"": 2021, ""team"": ""DWG KIA""}, {""year"": 2020, ""team"": ""OPGG SPORTS""}]",https://pubgesports.com/vi/players/444
450,Ykuz,Joao Victor Alves de Carvalho,-,https://wstatic-prod-boc.krafton.com/entry/player/20240319/rYREpxfZ.png,pubg_players\images\450.png,YING YANG,PUBG Americas Series 6,7.6,1.0,221.29,22:17,"[{""year"": 2025, ""team"": ""YING YANG""}, {""year"": 2024, ""team"": ""55 e-sports""}, {""year"": 2024, ""team"": ""Pichau""}, {""year"": 2023, ""team"": ""iNCO Gaming""}, {""year"": 2021, ""team"": ""Young Kings""}]",https://pubgesports.com/vi/players/450
463,Vox,jace patras,-,https://wstatic-prod-boc.krafton.com/common/player/20251011/A8S4wadG/mriavox.png,pubg_players\images\463.png,Copenhagen Wolves,PUBG Global Championship 2025,8.3,0.67,150.54,22:30,"[{""year"": 2025, ""team"": ""Copenhagen Wolves""}, {""year"": 2025, ""team"": ""Luminosity Gaming""}, {""year"": 2025, ""team"": ""Mission Ready International Alliance""}, {""year"": 2024, ""team"": ""Gascans""}, {""year"": 2023, ""team"": ""Third Eye""}, {""year"": 2022, ""team"": ""Three Hundred""}, {""year"": 2021, ""team"": ""Three Hundred""}]",https://pubgesports.com/vi/players/463
466,ThanawatTH,Thanawat Jantem,-,https://wstatic-prod-boc.krafton.com/common/player/20260804/RLOer9mi/SP_ThanawatTH.png,pubg_players\images\466.png,Sharper Esports,2026 PUBG Global Series 7,11.7,0.83,178.1,17:46,"[{""year"": 2026, ""team"": ""Sharper Esports""}, {""year"": 2025, ""team"": ""TOSAKAN TEAM""}, {""year"": 2024, ""team"": ""MAGnetic Thailand""}, {""year"": 2024, ""team"": ""TEM Entertainment""}, {""year"": 2023, ""team"": ""Purple mood E-Sport""}, {""year"": 2022, ""team"": ""Made in Thailand""}, {""year"": 2021, ""team"": ""Made in Thailand""}]",https://pubgesports.com/vi/players/466
467,Jacob,Weerapat Janthanet,Thailand,https://wstatic-prod-boc.krafton.com/common/player/20260804/KwsNFCay/MiTH_Jacob.png,pubg_players\images\467.png,Made in Thailand,2026 PUBG Global Series 7,9.5,0.64,168.51,15:12,"[{""year"": 2026, ""team"": ""Made in Thailand""}, {""year"": 2026, ""team"": ""MiTH""}, {""year"": 2025, ""team"": ""eArena""}, {""year"": 2025, ""team"": ""THAILAND""}, {""year"": 2024, ""team"": ""eArena""}, {""year"": 2024, ""team"": ""THAILAND""}, {""year"": 2023, ""team"": ""Made in Thailand""}, {""year"": 2022, ""team"": ""Made in Thailand""}, {""year"": 2021, ""team"": ""Made in Thailand""}]",https://pubgesports.com/vi/players/467
472,Himass,La Phuong Tien Dat,Vietnam,https://wstatic-prod-boc.krafton.com/common/player/20260722/PobWlSJS/AL_Himass(1).png,pubg_players\images\472.png,Anyone's Legend,2026 PUBG Global Series 7,9.0,1.83,272.07,21:32,"[{""year"": 2026, ""team"": ""AG.AL""}, {""year"": 2026, ""team"": ""Anyone's Legend""}, {""year"": 2026, ""team"": ""VIETNAM""}, {""year"": 2025, ""team"": ""AG.AL""}, {""year"": 2025, ""team"": ""ALL GAMERS""}, {""year"": 2025, ""team"": ""Anyone's Legend""}, {""year"": 2025, ""team"": ""VIETNAM""}, {""year"": 2024, ""team"": ""CERBERUS Esports""}, {""year"": 2024, ""team"": ""VIETNAM""}, {""year"": 2023, ""team"": ""Cerberus Esports""}, {""year"": 2023, ""team"": ""VIETNAM""}, {""year"": 2022, ""team"": ""Cerberus Esports""}, {""year"": 2021, ""team"": ""Cerberus Esports""}]",https://pubgesports.com/vi/players/472
473,HungVoDich,Le Manh Hung,-,https://wstatic-prod.pubgesports.com/web/live/main_216c17e/img/21c48fd.png,pubg_players\images\473.png,Team Flash,PGS APAC Qualifiers 2025 Phase 2,8.0,0.93,188.62,20:49,"[{""year"": 2025, ""team"": ""Team Flash""}, {""year"": 2024, ""team"": ""UNICORN CYBER ESPORTS""}, {""year"": 2023, ""team"": ""New Generation Esports""}, {""year"": 2023, ""team"": ""Phoenix Gaming""}, {""year"": 2022, ""team"": ""Unicorn Phoenix Da Nang""}, {""year"": 2021, ""team"": ""Unicorn Phoenix Da Nang""}]",https://pubgesports.com/vi/players/473
474,Zyu1,Phan Quoc Thien,-,https://wstatic-prod-boc.krafton.com/common/player/20241021/DW8gGeX2/zyu.png,pubg_players\images\474.png,TDT Esports,PGS APAC Qualifiers 2025 Phase 2,6.5,0.75,182.69,24:07,"[{""year"": 2025, ""team"": ""TDT Esports""}, {""year"": 2024, ""team"": ""GLS Esports""}, {""year"": 2024, ""team"": ""Reluctant Squad""}, {""year"": 2024, ""team"": ""TDT Esports""}, {""year"": 2023, ""team"": ""Unicorn Cyber Esport""}, {""year"": 2022, ""team"": ""Unicorn Phoenix Da Nang""}, {""year"": 2021, ""team"": ""Unicorn Phoenix Da Nang""}]",https://pubgesports.com/vi/players/474
478,Cherry,Matthew Leete,New Zealand,https://wstatic-prod.pubgesports.com/web/live/main_216c17e/img/21c48fd.png,pubg_players\images\478.png,Justice For Tomorrow Esports,PGS APAC Qualifiers 2025 Phase 2,,,,-,"[{""year"": 2025, ""team"": ""Justice For Tomorrow Esports""}, {""year"": 2024, ""team"": ""Panic Esports""}, {""year"": 2023, ""team"": ""Tenax""}, {""year"": 2022, ""team"": ""Dodge""}, {""year"": 2021, ""team"": ""36 Cartel""}, {""year"": 2021, ""team"": ""eUnited""}, {""year"": 2020, ""team"": ""DUEL""}]",https://pubgesports.com/vi/players/478
479,pivvy,Joshua Woods,-,https://wstatic-prod.pubgesports.com/web/live/main_216c17e/img/21c48fd.png,pubg_players\images\479.png,Justice For Tomorrow Esports,PGS APAC Qualifiers 2025 Phase 2,6.7,0.78,147.01,20:49,"[{""year"": 2025, ""team"": ""Justice For Tomorrow Esports""}, {""year"": 2024, ""team"": ""Panic Esports""}, {""year"": 2023, ""team"": ""Panic esports""}, {""year"": 2021, ""team"": ""36 Cartel""}]",https://pubgesports.com/vi/players/479
481,Junnn,Dinh Trong Thuan,-,https://wstatic-prod-boc.krafton.com/common/player/20241021/KCTfTDNC/junnn.png,pubg_players\images\481.png,TDT Esports,PGS APAC Qualifiers 2025 Phase 2,7.2,0.95,242.05,22:12,"[{""year"": 2025, ""team"": ""TDT Esports""}, {""year"": 2024, ""team"": ""Reluctant Squad""}, {""year"": 2024, ""team"": ""TDT Esports""}, {""year"": 2023, ""team"": ""DangKhoa Gaming""}, {""year"": 2023, ""team"": ""DK GAMING""}, {""year"": 2023, ""team"": ""Team No1""}, {""year"": 2022, ""team"": ""The Expendables""}, {""year"": 2021, ""team"": ""LG Divine""}, {""year"": 2020, ""team"": ""GearBox""}, {""year"": 2020, ""team"": ""LG Divine""}]",https://pubgesports.com/vi/players/481
490,sSuspekT,Aaron Jones,-,https://wstatic-prod.pubgesports.com/web/live/main_216c17e/img/21c48fd.png,pubg_players\images\490.png,Justice For Tomorrow Esports,PGS APAC Qualifiers 2025 Phase 2,6.7,0.94,153.48,22:34,"[{""year"": 2025, ""team"": ""Justice For Tomorrow Esports""}, {""year"": 2024, ""team"": ""Panic Esports""}, {""year"": 2023, ""team"": ""Panic esports""}, {""year"": 2021, ""team"": ""36 Cartel""}]",https://pubgesports.com/vi/players/490
506,lunlun,"Huang, Yo-Lun",-,https://wstatic-prod-boc.krafton.com/common/player/20260622/HWskJPyr/TPE_lunlun.png,pubg_players\images\506.png,CHINESE TAIPEI,PUBG NATIONS CUP 2026,9.2,0.7,128.12,19:23,"[{""year"": 2026, ""team"": ""CHINESE TAIPEI""}, {""year"": 2025, ""team"": ""Xavage Men Esports""}, {""year"": 2024, ""team"": ""CHINESE TAIPEI""}, {""year"": 2024, ""team"": ""PMA""}, {""year"": 2023, ""team"": ""PMA""}]",https://pubgesports.com/vi/players/506
560,EEND,TaeYoung Ro,Korea (the Republic of),https://wstatic-prod-boc.krafton.com/common/player/20260804/dEbZG671/T1_EEND.png,pubg_players\images\560.png,T1,2026 PUBG Global Series 7,8.5,1.0,195.22,18:24,"[{""year"": 2026, ""team"": ""T1""}, {""year"": 2025, ""team"": ""T1""}, {""year"": 2024, ""team"": ""Beyond Stratos Gaming""}, {""year"": 2024, ""team"": ""T1""}, {""year"": 2023, ""team"": ""KWANGDONG FREECS""}, {""year"": 2022, ""team"": ""KWANGDONG FREECS""}, {""year"": 2021, ""team"": ""MaD Clan""}]",https://pubgesports.com/vi/players/560
566,Gyumin,SIM GYU MIN,Korea (the Republic of),https://wstatic-prod-boc.krafton.com/common/player/20260722/AZUjE2iK/DNS_Gyumin(1).png,pubg_players\images\566.png,DN SOOPers,2026 PUBG Global Series 7,11.2,0.17,89.14,16:28,"[{""year"": 2026, ""team"": ""DN SOOPers""}, {""year"": 2026, ""team"": ""KOREA""}, {""year"": 2025, ""team"": ""DN FREECS""}, {""year"": 2025, ""team"": ""KOREA""}, {""year"": 2024, ""team"": ""KWANGDONG FREECS""}, {""year"": 2023, ""team"": ""GHIBLI ESPORTS""}, {""year"": 2023, ""team"": ""V7 FUNPIN""}, {""year"": 2022, ""team"": ""GHIBLI ESPORTS""}]",https://pubgesports.com/vi/players/566
567,Heaven,KIM TAE SUNG,Korea (the Republic of),https://wstatic-prod-boc.krafton.com/common/player/20260722/XVDjH5H0/DNS_Heaven(1).png,pubg_players\images\567.png,DN SOOPers,2026 PUBG Global Series 7,11.2,1.17,162.66,16:21,"[{""year"": 2026, ""team"": ""DN SOOPers""}, {""year"": 2026, ""team"": ""KOREA""}, {""year"": 2025, ""team"": ""DN FREECS""}, {""year"": 2024, ""team"": ""KOREA""}, {""year"": 2024, ""team"": ""KWANGDONG FREECS""}, {""year"": 2023, ""team"": ""GHIBLI ESPORTS""}, {""year"": 2023, ""team"": ""KOREA""}, {""year"": 2023, ""team"": ""RAP XIEC ESPORT""}, {""year"": 2023, ""team"": ""V7 FUNPIN""}, {""year"": 2022, ""team"": ""GHIBLI ESPORTS""}, {""year"": 2021, ""team"": ""emTek StormX""}, {""year"": 2021, ""team"": ""GNL ESPORTS""}, {""year"": 2021, ""team"": ""Veronica7""}]",https://pubgesports.com/vi/players/567
571,DAEVA,SeongDo LEE,Korea (the Republic of),https://wstatic-prod-boc.krafton.com/entry/player/20240319/BfKBhn5z.png,pubg_players\images\571.png,PHANTOM HEARTS_E,2025 PUBG WEEKLY SERIES: Phase 2,7.5,0.86,164.07,19:56,"[{""year"": 2025, ""team"": ""PHANTOM HEARTS_E""}, {""year"": 2025, ""team"": ""Phantom_Hearts_E""}, {""year"": 2024, ""team"": ""Beyond Stratos Gaming""}, {""year"": 2024, ""team"": ""T1""}, {""year"": 2023, ""team"": ""Dplus KIA""}, {""year"": 2023, ""team"": ""ENTER FORCE.36""}, {""year"": 2021, ""team"": ""MaD Clan""}, {""year"": 2020, ""team"": ""VRLU GHIBLI""}]",https://pubgesports.com/vi/players/571
572,Stella,Lee Ji soo,Korea (the Republic of),https://wstatic-prod-boc.krafton.com/entry/player/20240319/tIbD47Eq.png,pubg_players\images\572.png,PHANTOM HEARTS_E,2025 PUBG WEEKLY SERIES: Phase 2,7.5,1.07,200.0,20:01,"[{""year"": 2025, ""team"": ""PHANTOM HEARTS_E""}, {""year"": 2025, ""team"": ""Phantom_Hearts_E""}, {""year"": 2024, ""team"": ""GNL Esports""}, {""year"": 2023, ""team"": ""GNL ESPORTS""}]",https://pubgesports.com/vi/players/572
576,Glaz,Sung Bin Yoon,Korea (the Republic of),https://wstatic-prod-boc.krafton.com/common/player/20260316/4nxBbL1V/CR_Glaz.png,pubg_players\images\576.png,Crazy Raccoon,2026 PUBG Global Series 6,9.6,0.6,154.61,20:17,"[{""year"": 2026, ""team"": ""Crazy Raccoon""}, {""year"": 2025, ""team"": ""AZLA PENTAGRAM""}, {""year"": 2024, ""team"": ""Gen.G""}, {""year"": 2023, ""team"": ""GHIBLI ESPORTS""}, {""year"": 2023, ""team"": ""OP.GG SPORTS""}, {""year"": 2023, ""team"": ""V7 FUNPIN""}, {""year"": 2020, ""team"": ""SeolHaeOne Prince""}]",https://pubgesports.com/vi/players/576
581,X1no,"PAI, XU-XIANG",Chinese Taipei,https://wstatic-prod-boc.krafton.com/common/player/20260622/vz6Zcjyc/TPE_X1no.png,pubg_players\images\581.png,CHINESE TAIPEI,PUBG NATIONS CUP 2026,9.2,0.4,91.24,16:25,"[{""year"": 2026, ""team"": ""CHINESE TAIPEI""}]",https://pubgesports.com/vi/players/581
589,HAMMER,Lee young hyun,Korea (the Republic of),https://wstatic-prod-boc.krafton.com/entry/player/20240319/IAPwiorl.png,pubg_players\images\589.png,AZLA PENTAGRAM,PUBG Global Championship 2025,9.1,0.63,118.95,19:11,"[{""year"": 2025, ""team"": ""AZLA PENTAGRAM""}, {""year"": 2025, ""team"": ""Phantom hearts_E""}, {""year"": 2025, ""team"": ""Phantom_Hearts_E""}, {""year"": 2024, ""team"": ""DANAWA ATTACK ZERO""}, {""year"": 2024, ""team"": ""GNL ESPORTS""}, {""year"": 2023, ""team"": ""GHIBLI ESPORTS""}]",https://pubgesports.com/vi/players/589
590,ROY,Kim Min gil,Korea (the Republic of),https://wstatic-prod-boc.krafton.com/entry/player/20240319/igNyI7yk.png,pubg_players\images\590.png,PHANTOM HEARTS_E,2025 PUBG WEEKLY SERIES: Phase 2,7.5,1.29,236.91,19:47,"[{""year"": 2025, ""team"": ""PHANTOM HEARTS_E""}, {""year"": 2025, ""team"": ""Phantom_Hearts_E""}, {""year"": 2024, ""team"": ""GNL Esports""}, {""year"": 2023, ""team"": ""GNL ESPORTS""}]",https://pubgesports.com/vi/players/590
592,ZeniTh,JaeSeong Lee,Korea (the Republic of),https://wstatic-prod-boc.krafton.com/common/player/20251011/1os1dKKb/fnzenith.png,pubg_players\images\592.png,FN Pocheon,PUBG Global Championship 2025,9.5,1.02,183.85,20:23,"[{""year"": 2025, ""team"": ""FN Pocheon""}, {""year"": 2024, ""team"": ""Beyond Stratos Gaming""}, {""year"": 2024, ""team"": ""T1""}, {""year"": 2023, ""team"": ""Dplus KIA""}, {""year"": 2020, ""team"": ""LAVEGA""}]",https://pubgesports.com/vi/players/592
597,Gyuyeon,Gyu Yeon Choi,Korea (the Republic of),https://wstatic-prod-boc.krafton.com/common/player/20260316/XcWVdPOw/CR_Gyuyeon.png,pubg_players\images\597.png,Crazy Raccoon,2026 PUBG Global Series 6,9.6,0.85,103.21,20:17,"[{""year"": 2026, ""team"": ""Crazy Raccoon""}, {""year"": 2025, ""team"": ""Baegopa""}, {""year"": 2025, ""team"": ""GNL ESPORTS""}, {""year"": 2025, ""team"": ""Kitsune""}, {""year"": 2024, ""team"": ""Dplus KIA""}, {""year"": 2024, ""team"": ""GNL Esports""}, {""year"": 2023, ""team"": ""Daedong LAVEGA""}, {""year"": 2023, ""team"": ""OP.GG SPORTS""}, {""year"": 2021, ""team"": ""emTek StormX""}]",https://pubgesports.com/vi/players/597
598,HowL,Minsung Park,Korea (the Republic of),https://wstatic-prod-boc.krafton.com/entry/player/20240319/OXmSYqXB.png,pubg_players\images\598.png,AZLA PENTAGRAM,PUBG Global Championship 2025,9.1,0.93,175.72,20:41,"[{""year"": 2025, ""team"": ""AZLA PENTAGRAM""}, {""year"": 2025, ""team"": ""Dplus KIA""}, {""year"": 2024, ""team"": ""Dplus KIA""}, {""year"": 2024, ""team"": ""GameCoach Academy""}, {""year"": 2023, ""team"": ""GOnGO Prince""}]",https://pubgesports.com/vi/players/598
599,GimJun,JungYeon Kim,Korea (the Republic of),https://wstatic-prod-boc.krafton.com/entry/player/20240319/52J3iHWQ.png,pubg_players\images\599.png,IFYOUMINE GAME PT,2025 PUBG WEEKLY SERIES: Phase 2,8.0,1.38,252.7,20:30,"[{""year"": 2025, ""team"": ""IFYOUMINE GAME PT""}, {""year"": 2024, ""team"": ""IFYOUMINE GAME PT""}, {""year"": 2023, ""team"": ""Daedong LAVEGA""}, {""year"": 2023, ""team"": ""OP.GG SPORTS""}]",https://pubgesports.com/vi/players/599
611,Insight,Jesse Spencer,-,https://wstatic-prod.pubgesports.com/web/live/main_216c17e/img/21c48fd.png,pubg_players\images\611.png,Aurora,PGS APAC Qualifiers 2025 Phase 2,,,,-,"[{""year"": 2025, ""team"": ""Aurora""}, {""year"": 2025, ""team"": ""Decimate Gaming""}, {""year"": 2024, ""team"": ""Team Bliss""}, {""year"": 2023, ""team"": ""eArena""}, {""year"": 2023, ""team"": ""EXO Clan""}, {""year"": 2022, ""team"": ""team Bliss""}, {""year"": 2021, ""team"": ""Fury""}, {""year"": 2020, ""team"": ""Fury""}]",https://pubgesports.com/vi/players/611
614,Balefrost,Brendan Connors,-,https://wstatic-prod-boc.krafton.com/entry/player/20240319/P502sz66.png,pubg_players\images\614.png,Yaho,PUBG Americas Series 6,10.3,1.29,215.79,18:35,"[{""year"": 2025, ""team"": ""EMPIRE Gaming""}, {""year"": 2025, ""team"": ""The God Squad""}, {""year"": 2025, ""team"": ""Yaho""}, {""year"": 2024, ""team"": ""Elevate""}, {""year"": 2024, ""team"": ""RATZ""}, {""year"": 2023, ""team"": ""Third Eye""}, {""year"": 2022, ""team"": ""Yaho""}, {""year"": 2021, ""team"": ""Oath""}, {""year"": 2020, ""team"": ""Oath""}]",https://pubgesports.com/vi/players/614
615,Poonage,Brent James Mullany,-,https://wstatic-prod-boc.krafton.com/entry/player/20240319/qLhAxCLy.png,pubg_players\images\615.png,Yaho,PUBG Americas Series 6,10.3,0.67,145.04,17:09,"[{""year"": 2025, ""team"": ""EMPIRE Gaming""}, {""year"": 2025, ""team"": ""Yaho""}, {""year"": 2024, ""team"": ""Elevate""}, {""year"": 2023, ""team"": ""Elevate""}, {""year"": 2022, ""team"": ""Yaho""}, {""year"": 2021, ""team"": ""Dignitas""}, {""year"": 2021, ""team"": ""Zenith""}, {""year"": 2020, ""team"": ""Zenith""}]",https://pubgesports.com/vi/players/615
616,Shinboi,Nolan Burdick,Canada,https://wstatic-prod-boc.krafton.com/common/player/20260622/nmPQBh97/CAN_Shinboi.png,pubg_players\images\616.png,CANADA,PUBG NATIONS CUP 2026,12.2,0.4,54.07,15:49,"[{""year"": 2026, ""team"": ""CANADA""}, {""year"": 2025, ""team"": ""CANADA""}, {""year"": 2025, ""team"": ""EMPIRE Gaming""}, {""year"": 2025, ""team"": ""The God Squad""}, {""year"": 2025, ""team"": ""Yaho""}, {""year"": 2024, ""team"": ""CANADA""}, {""year"": 2024, ""team"": ""Elevate""}, {""year"": 2024, ""team"": ""Friendly Fire""}, {""year"": 2023, ""team"": ""CANADA""}, {""year"": 2023, ""team"": ""Elevate""}, {""year"": 2022, ""team"": ""CANADA""}, {""year"": 2022, ""team"": ""Yaho""}, {""year"": 2021, ""team"": ""Dignitas""}, {""year"": 2021, ""team"": ""Zenith""}, {""year"": 2020, ""team"": ""Zenith""}]",https://pubgesports.com/vi/players/616
617,sparkingg,PEDRO MIGUEL LOMEU CAZENAVE RIBEIRO,Brazil,https://wstatic-prod-boc.krafton.com/common/player/20260622/bsXNzhdT/BRA_sparkingg.png,pubg_players\images\617.png,BRAZIL,PUBG NATIONS CUP 2026,7.3,2.27,300.27,21:09,"[{""year"": 2026, ""team"": ""BRAZIL""}, {""year"": 2025, ""team"": ""BRAZIL""}, {""year"": 2025, ""team"": ""Team Liquid""}, {""year"": 2024, ""team"": ""BRAZIL""}, {""year"": 2024, ""team"": ""Shoot To Kill""}, {""year"": 2024, ""team"": ""TSM""}, {""year"": 2023, ""team"": ""00Nation""}, {""year"": 2023, ""team"": ""BRAZIL""}, {""year"": 2022, ""team"": ""BRAZIL""}, {""year"": 2022, ""team"": ""Yaho""}, {""year"": 2021, ""team"": ""Dignitas""}, {""year"": 2021, ""team"": ""META Gaming""}]",https://pubgesports.com/vi/players/617
631,Pathompong,Pathomphong Srithikham,-,https://wstatic-prod-boc.krafton.com/common/player/20260804/SU9wPlMn/EA_Pathompong.png,pubg_players\images\631.png,eArena,2026 PUBG Global Series 7,6.8,1.91,266.0,21:58,"[{""year"": 2026, ""team"": ""eArena""}, {""year"": 2025, ""team"": ""Theerathon Five""}, {""year"": 2024, ""team"": ""Theerathon Five""}, {""year"": 2023, ""team"": ""THEERATHON FIVE""}, {""year"": 2022, ""team"": ""THEERATHON FIVE""}]",https://pubgesports.com/vi/players/631
632,RangerX,Nattadech Pronboon,-,https://wstatic-prod-boc.krafton.com/common/player/20260317/V0jkCLHK/T5_RangerX.png,pubg_players\images\632.png,Theerathon Five,2026 PUBG Global Series 6,9.2,0.2,131.98,20:48,"[{""year"": 2026, ""team"": ""Theerathon Five""}, {""year"": 2025, ""team"": ""Theerathon Five""}, {""year"": 2024, ""team"": ""Theerathon Five""}, {""year"": 2023, ""team"": ""Sharper Esports""}, {""year"": 2022, ""team"": ""THEERATHON FIVE""}]",https://pubgesports.com/vi/players/632
651,DuCkHjeUz,Duong Duc Hieu,-,https://wstatic-prod-boc.krafton.com/common/player/20260317/NGhmbrJu/TE_DuCkHjeUz.png,pubg_players\images\651.png,GAM The Expendables,2026 PUBG Global Series 7,8.3,0.67,212.03,20:01,"[{""year"": 2026, ""team"": ""GAM Esports""}, {""year"": 2026, ""team"": ""GAM The Expendables""}, {""year"": 2026, ""team"": ""The Expendables""}, {""year"": 2025, ""team"": ""The Expendables""}, {""year"": 2024, ""team"": ""The Expendables""}, {""year"": 2023, ""team"": ""The Expendables""}, {""year"": 2023, ""team"": ""VIETNAM""}, {""year"": 2022, ""team"": ""The Expendables""}]",https://pubgesports.com/vi/players/651
656,Sapauu,Duong Cam Hoa,Vietnam,https://wstatic-prod.pubgesports.com/web/live/main_216c17e/img/21c48fd.png,pubg_players\images\656.png,WinD Esport,PGS APAC Qualifiers 2025 Phase 2,9.8,0.67,157.67,19:23,"[{""year"": 2025, ""team"": ""TDT Esports""}, {""year"": 2025, ""team"": ""WinD Esport""}, {""year"": 2024, ""team"": ""ALL GAMERS GLOBAL""}, {""year"": 2024, ""team"": ""UNICORN CYBER ESPORTS""}, {""year"": 2023, ""team"": ""Unicorn Cyber Esport""}, {""year"": 2023, ""team"": ""Unicorn Venom""}, {""year"": 2022, ""team"": ""Bao Nam United""}, {""year"": 2022, ""team"": ""VIETNAM""}, {""year"": 2021, ""team"": ""team No1""}, {""year"": 2020, ""team"": ""DivisionX Gaming""}]",https://pubgesports.com/vi/players/656
659,Keenan,Jeremy Traverse,Canada,https://wstatic-prod-boc.krafton.com/entry/player/20230620/SFQXZDtG.png,pubg_players\images\659.png,DUEL,PUBG Americas Series 6,,,,-,"[{""year"": 2025, ""team"": ""DUEL""}, {""year"": 2023, ""team"": ""CANADA""}, {""year"": 2023, ""team"": ""Shoot to Kill""}, {""year"": 2022, ""team"": ""Bing Bang Boom""}, {""year"": 2022, ""team"": ""CANADA""}, {""year"": 2021, ""team"": ""Spacestation Gaming""}, {""year"": 2020, ""team"": ""team Veritas""}, {""year"": 2020, ""team"": ""Wildcard Gaming""}]",https://pubgesports.com/vi/players/659
661,Roth,Dylan Short,-,https://wstatic-prod-boc.krafton.com/common/player/20251011/rF2Wymju/qadroth.png,pubg_players\images\661.png,AlQadsiah,PUBG Global Championship 2025,9.3,0.83,133.53,20:21,"[{""year"": 2025, ""team"": ""AlQadsiah""}, {""year"": 2024, ""team"": ""Spacestation Gaming""}, {""year"": 2024, ""team"": ""Team Falcons""}, {""year"": 2023, ""team"": ""Friendly Fire""}, {""year"": 2023, ""team"": ""Spacestation Gaming""}, {""year"": 2022, ""team"": ""Bing Bang Boom""}, {""year"": 2021, ""team"": ""Spacestation Gaming""}, {""year"": 2021, ""team"": ""Zenith""}, {""year"": 2020, ""team"": ""Zenith""}]",https://pubgesports.com/vi/players/661
663,Woo1y,Seth Little,-,https://wstatic-prod-boc.krafton.com/common/player/20241121/xiv2DWpc/woo1y.png,pubg_players\images\663.png,DUEL,PUBG Americas Series 6,9.1,0.45,93.28,18:56,"[{""year"": 2025, ""team"": ""DUEL""}, {""year"": 2024, ""team"": ""Shoot To Kill""}, {""year"": 2024, ""team"": ""TSM""}, {""year"": 2023, ""team"": ""Shoot To Kill""}, {""year"": 2020, ""team"": ""DUEL""}]",https://pubgesports.com/vi/players/663
664,Fludd,Lachlan Harvey Thompson,Australia,https://wstatic-prod-boc.krafton.com/common/player/20260622/tJHiMf5H/AUS_Fludd.png,pubg_players\images\664.png,AUSTRALIA,PUBG NATIONS CUP 2026,10.3,1.0,224.74,18:20,"[{""year"": 2026, ""team"": ""AUSTRALIA""}, {""year"": 2025, ""team"": ""AUSTRALIA""}, {""year"": 2025, ""team"": ""Bestia""}, {""year"": 2025, ""team"": ""Decimate Gaming""}, {""year"": 2024, ""team"": ""AUSTRALIA""}, {""year"": 2024, ""team"": ""Team Falcons""}, {""year"": 2023, ""team"": ""AUSTRALIA""}, {""year"": 2023, ""team"": ""Luminosity Gaming""}, {""year"": 2022, ""team"": ""AUSTRALIA""}, {""year"": 2022, ""team"": ""eUnited""}, {""year"": 2021, ""team"": ""Fury""}, {""year"": 2020, ""team"": ""Battle Arena Elites""}, {""year"": 2020, ""team"": ""Fury""}]",https://pubgesports.com/vi/players/664
665,Kickstart,Matt Smith,United States of America,https://wstatic-prod-boc.krafton.com/common/player/20260804/Wc6TUJ6T/FLC_Kickstart.png,pubg_players\images\665.png,Falcons,2026 PUBG Global Series 7,9.2,0.36,93.22,17:41,"[{""year"": 2026, ""team"": ""Falcons""}, {""year"": 2026, ""team"": ""Team Falcons""}, {""year"": 2026, ""team"": ""UNITED STATES""}, {""year"": 2025, ""team"": ""Team Falcons""}, {""year"": 2025, ""team"": ""USA""}, {""year"": 2024, ""team"": ""Soniqs""}, {""year"": 2024, ""team"": ""USA""}, {""year"": 2023, ""team"": ""Luminosity Gaming""}, {""year"": 2023, ""team"": ""Soniqs""}, {""year"": 2023, ""team"": ""USA""}, {""year"": 2022, ""team"": ""eUnited""}, {""year"": 2022, ""team"": ""USA""}, {""year"": 2021, ""team"": ""Oath""}, {""year"": 2021, ""team"": ""Zenith""}, {""year"": 2020, ""team"": ""Zenith""}]",https://pubgesports.com/vi/players/665
666,Relo,Noah Jenkins,-,https://wstatic-prod-boc.krafton.com/common/player/20251011/AV9BCrwd/qadrelo.png,pubg_players\images\666.png,AlQadsiah,PUBG Global Championship 2025,9.3,0.56,101.77,20:21,"[{""year"": 2025, ""team"": ""AlQadsiah""}, {""year"": 2024, ""team"": ""Team Falcons""}, {""year"": 2023, ""team"": ""Luminosity Gaming""}, {""year"": 2022, ""team"": ""eUnited""}, {""year"": 2021, ""team"": ""Oath""}, {""year"": 2020, ""team"": ""Oath""}]",https://pubgesports.com/vi/players/666
668,Trevor,Lawrence Meredith,-,https://wstatic-prod-boc.krafton.com/common/player/20251011/D4shlu5n/mriatrevor.png,pubg_players\images\668.png,Copenhagen Wolves,PUBG Global Championship 2025,,,,-,"[{""year"": 2025, ""team"": ""Copenhagen Wolves""}, {""year"": 2025, ""team"": ""Luminosity Gaming""}, {""year"": 2025, ""team"": ""Mission Ready International Alliance""}, {""year"": 2024, ""team"": ""Team Falcons""}, {""year"": 2023, ""team"": ""Luminosity Gaming""}, {""year"": 2023, ""team"": ""USA""}]",https://pubgesports.com/vi/players/668
672,Haven_-,Erick Aguiar da Cruz,-,https://wstatic-prod-boc.krafton.com/common/player/20260804/mVald23b/GodL_Haven.png,pubg_players\images\672.png,Godlike,2026 PUBG Global Series 7,11.0,0.17,176.35,17:15,"[{""year"": 2026, ""team"": ""Godlike""}, {""year"": 2025, ""team"": ""El Proyecto""}, {""year"": 2025, ""team"": ""FURIA""}, {""year"": 2025, ""team"": ""Team MIRA""}, {""year"": 2024, ""team"": ""Luna Galaxy""}, {""year"": 2023, ""team"": ""Al-Lienigenas""}, {""year"": 2023, ""team"": ""BRAZIL""}, {""year"": 2023, ""team"": ""Decimate""}, {""year"": 2022, ""team"": ""22 Esports""}, {""year"": 2022, ""team"": ""BRAZIL""}]",https://pubgesports.com/vi/players/672
673,AleeRv,Alejandro Ruben Velasco,-,https://wstatic-prod.pubgesports.com/web/live/main_216c17e/img/21c48fd.png,pubg_players\images\673.png,DEPORTIVO MERLO,PUBG Americas Series 6,9.5,0.58,140.26,17:55,"[{""year"": 2025, ""team"": ""DEPORTIVO MERLO""}, {""year"": 2025, ""team"": ""Surtido""}, {""year"": 2023, ""team"": ""ARGENTINA""}, {""year"": 2023, ""team"": ""ZVIRE""}, {""year"": 2022, ""team"": ""AKM GAMING""}, {""year"": 2022, ""team"": ""ARGENTINA""}, {""year"": 2021, ""team"": ""Latin Dominus""}, {""year"": 2021, ""team"": ""Synergy Esports""}]",https://pubgesports.com/vi/players/673
680,Bizzler,Richard Battaglia,-,https://wstatic-prod-boc.krafton.com/common/player/20251011/xWFbZlrG/mriabizzler.png,pubg_players\images\680.png,Copenhagen Wolves,PUBG Global Championship 2025,8.3,0.17,126.8,20:12,"[{""year"": 2025, ""team"": ""Copenhagen Wolves""}, {""year"": 2025, ""team"": ""Luminosity Gaming""}, {""year"": 2025, ""team"": ""Mission Ready International Alliance""}, {""year"": 2024, ""team"": ""Gascans""}, {""year"": 2024, ""team"": ""RENT FREE""}, {""year"": 2023, ""team"": ""Third Eye""}, {""year"": 2022, ""team"": ""Three Hundred""}, {""year"": 2021, ""team"": ""Adapt XD""}]",https://pubgesports.com/vi/players/680
685,Quetpa,Tugay Demirel,Türkiye,https://wstatic-prod-boc.krafton.com/common/player/20260317/4KtRDMsa/S2G_Quetpa.png,pubg_players\images\685.png,S2G Esports,2026 PUBG Global Series 6,9.8,0.2,88.18,18:27,"[{""year"": 2026, ""team"": ""S2G Esports""}, {""year"": 2025, ""team"": ""Eternal Fire""}, {""year"": 2024, ""team"": ""ETERNAL FIRE""}, {""year"": 2024, ""team"": ""HOWL""}, {""year"": 2023, ""team"": ""PCIFIC Esports""}, {""year"": 2022, ""team"": ""BBL Esports""}, {""year"": 2022, ""team"": ""TURKIYE""}, {""year"": 2021, ""team"": ""Galakticos""}, {""year"": 2020, ""team"": ""Etiget Esports""}]",https://pubgesports.com/vi/players/685
687,Salik,Ilnar Gilmanov,-,https://wstatic-prod-boc.krafton.com/esports-legacy/upload/T_GAME_TEAM_PLAYER/20220425/fc69908289e17304_202204251009522971.png,pubg_players\images\687.png,CRYNT,PUBG EMEA Championship: Fall,10.0,0.96,157.74,19:21,"[{""year"": 2025, ""team"": ""CRYNT""}, {""year"": 2025, ""team"": ""EXhalatioN""}, {""year"": 2022, ""team"": ""ROAD TO GLORY""}, {""year"": 2021, ""team"": ""EXhalatioN""}]",https://pubgesports.com/vi/players/687
689,PiXeL1K,Miloslav Feik,-,https://wstatic-prod-boc.krafton.com/entry/player/20240319/HX5YY4d6.png,pubg_players\images\689.png,HYPEBEASTS,PUBG EMEA Championship: Fall,,,,-,"[{""year"": 2025, ""team"": ""FUT Esports""}, {""year"": 2025, ""team"": ""Hypebeasts & Co""}, {""year"": 2024, ""team"": ""FUT Esports""}, {""year"": 2024, ""team"": ""Spacestation Gaming""}, {""year"": 2023, ""team"": ""Friendly Fire""}, {""year"": 2023, ""team"": ""Spacestation Gaming""}, {""year"": 2022, ""team"": ""SKADE""}, {""year"": 2021, ""team"": ""Digital Athletics""}, {""year"": 2020, ""team"": ""Tempus""}]",https://pubgesports.com/vi/players/689
690,Nowikk,Matěj Krmela,-,https://wstatic-prod-boc.krafton.com/esports-legacy/upload/T_GAME_TEAM_PLAYER/20220425/ff9bd3cb14e93676_202204251015471511.png,pubg_players\images\690.png,HYPEBEASTS,PUBG EMEA Championship: Fall,9.2,0.5,124.85,16:52,"[{""year"": 2025, ""team"": ""HYPEBEASTS""}, {""year"": 2025, ""team"": ""Hypebeasts & Co""}, {""year"": 2022, ""team"": ""SKADE""}]",https://pubgesports.com/vi/players/690
694,Cui71,YUNHYUCK CHOI,Korea (the Republic of),https://wstatic-prod-boc.krafton.com/common/player/20260316/HD1P1kyD/PeRo_Cui71.png,pubg_players\images\694.png,Petrichor Road,2026 PUBG Global Series 7,7.7,0.55,117.78,18:21,"[{""year"": 2026, ""team"": ""Petrichor Road""}, {""year"": 2025, ""team"": ""Petrichor Road""}, {""year"": 2024, ""team"": ""Petrichor Road""}, {""year"": 2023, ""team"": ""Petrichor Road""}, {""year"": 2022, ""team"": ""Tianba Esports""}]",https://pubgesports.com/vi/players/694
696,Ming,Huang Yiming,China,https://wstatic-prod-boc.krafton.com/entry/player/20250321/juNxpcs3.png,pubg_players\images\696.png,Game start win,PUBG Global Championship 2025,10.3,0.78,161.63,20:44,"[{""year"": 2025, ""team"": ""GAME START WIN""}, {""year"": 2024, ""team"": ""Petrichor Road""}, {""year"": 2023, ""team"": ""Petrichor Road""}, {""year"": 2022, ""team"": ""Petrichor Road""}]",https://pubgesports.com/vi/players/696
706,TheMad,Yunus Emre Ağaç,-,https://wstatic-prod-boc.krafton.com/common/player/20241021/as5puRoI/themad.png,pubg_players\images\706.png,Eternal Fire,PUBG EMEA Championship: Fall,7.6,1.1,187.95,21:11,"[{""year"": 2025, ""team"": ""Eternal Fire""}, {""year"": 2024, ""team"": ""ETERNAL FIRE""}, {""year"": 2024, ""team"": ""HOWL""}, {""year"": 2024, ""team"": ""TURKIYE""}, {""year"": 2023, ""team"": ""HOWL""}, {""year"": 2023, ""team"": ""TURKIYE""}, {""year"": 2022, ""team"": ""HOWL""}]",https://pubgesports.com/vi/players/706
714,Himan,Aleksander Slungaard,Norway,https://wstatic-prod-boc.krafton.com/common/player/20260622/QarYwKVI/NOR_Himan.png,pubg_players\images\714.png,NORWAY,PUBG NATIONS CUP 2026,8.0,0.4,119.11,18:16,"[{""year"": 2026, ""team"": ""NORWAY""}, {""year"": 2025, ""team"": ""NORWAY""}, {""year"": 2025, ""team"": ""Sakura Zensen""}, {""year"": 2024, ""team"": ""Sakura Zensen""}, {""year"": 2023, ""team"": ""Sakura Zensen""}, {""year"": 2022, ""team"": ""Sakura Zensen""}, {""year"": 2020, ""team"": ""With Potential""}]",https://pubgesports.com/vi/players/714
715,TekkerZ,Aleksander Vea Handeland,Norway,https://wstatic-prod-boc.krafton.com/common/player/20260622/XQrNB3mP/NOR_Tekkerz.png,pubg_players\images\715.png,NORWAY,PUBG NATIONS CUP 2026,8.0,0.6,173.08,21:22,"[{""year"": 2026, ""team"": ""NORWAY""}, {""year"": 2024, ""team"": ""NORWAY""}, {""year"": 2023, ""team"": ""Formulation Gaming""}, {""year"": 2022, ""team"": ""Sakura Zensen""}, {""year"": 2020, ""team"": ""GameFraym""}]",https://pubgesports.com/vi/players/715
717,Lukarux,Luka Rukavina,-,https://wstatic-prod-boc.krafton.com/common/player/20260804/iTuiHiFX/VP_Lukarux.png,pubg_players\images\717.png,Virtus.pro,2026 PUBG Global Series 7,5.9,0.82,149.59,22:01,"[{""year"": 2026, ""team"": ""Virtus.pro""}, {""year"": 2025, ""team"": ""Virtus.pro""}, {""year"": 2024, ""team"": ""MadBulls""}, {""year"": 2024, ""team"": ""Virtus Pro""}, {""year"": 2024, ""team"": ""Virtus.pro""}, {""year"": 2023, ""team"": ""Entropiq""}, {""year"": 2022, ""team"": ""Entropiq""}, {""year"": 2021, ""team"": ""Redline""}]",https://pubgesports.com/vi/players/717
719,Naylup,Jovan Tomašević,Serbia,https://wstatic-prod-boc.krafton.com/entry/player/20231007/arUTQ8ck.png,pubg_players\images\719.png,Joga Bonito,PUBG EMEA Championship: Fall,9.2,1.1,258.12,17:57,"[{""year"": 2025, ""team"": ""Hypebeasts & Co""}, {""year"": 2025, ""team"": ""Joga Bonito""}, {""year"": 2025, ""team"": ""Redline""}, {""year"": 2024, ""team"": ""FUT Esports""}, {""year"": 2023, ""team"": ""Entropiq""}, {""year"": 2022, ""team"": ""Entropiq""}, {""year"": 2021, ""team"": ""Redline""}, {""year"": 2020, ""team"": ""Redline""}]",https://pubgesports.com/vi/players/719
722,HIBAKO,Max Carev,Moldova (the Republic of),https://wstatic-prod.pubgesports.com/web/live/main_216c17e/img/21c48fd.png,pubg_players\images\722.png,Hands of Hope,PUBG EMEA Championship: Fall,7.3,0.75,156.33,21:40,"[{""year"": 2025, ""team"": ""AfterAlt""}, {""year"": 2025, ""team"": ""Hands of Hope""}, {""year"": 2023, ""team"": ""AfterAlt""}, {""year"": 2022, ""team"": ""THUNDER""}, {""year"": 2021, ""team"": ""AfterAlt""}]",https://pubgesports.com/vi/players/722
725,CC108,Li Cong,China,https://wstatic-prod-boc.krafton.com/entry/player/20250321/c5F270aA.png,pubg_players\images\725.png,Game start win,PUBG Global Championship 2025,10.3,0.89,167.72,20:39,"[{""year"": 2025, ""team"": ""GAME START WIN""}, {""year"": 2024, ""team"": ""Tianba Esports""}, {""year"": 2023, ""team"": ""NewHappy Esports""}, {""year"": 2023, ""team"": ""NH-ESPORTS""}, {""year"": 2022, ""team"": ""Tyloo""}]",https://pubgesports.com/vi/players/725
726,xTong,Zhou Xiaotong,China,https://wstatic-prod-boc.krafton.com/entry/player/20250321/zbS0e4Gb.png,pubg_players\images\726.png,Game start win,PUBG Global Championship 2025,10.3,0.39,108.66,17:38,"[{""year"": 2025, ""team"": ""GAME START WIN""}, {""year"": 2024, ""team"": ""Chosen Clique Gaming""}, {""year"": 2024, ""team"": ""SPAM""}, {""year"": 2024, ""team"": ""TYLOO""}, {""year"": 2023, ""team"": ""Chosen Clique Gaming""}, {""year"": 2022, ""team"": ""Tyloo""}]",https://pubgesports.com/vi/players/726
733,Americano,Younghun Jeong,Korea (the Republic of),https://wstatic-prod-boc.krafton.com/common/player/20250430/QWeJ5H72/americano.png,pubg_players\images\733.png,GNL ESPORTS,2025 PUBG WEEKLY SERIES: Phase 2,8.0,1.13,214.95,19:57,"[{""year"": 2025, ""team"": ""FN Pocheon""}, {""year"": 2025, ""team"": ""Gen.G""}, {""year"": 2025, ""team"": ""GNL ESPORTS""}, {""year"": 2024, ""team"": ""Dplus KIA""}, {""year"": 2023, ""team"": ""Dplus KIA""}, {""year"": 2022, ""team"": ""DONUTS USG""}, {""year"": 2021, ""team"": ""GNL ESPORTS""}, {""year"": 2021, ""team"": ""Veronica7""}]",https://pubgesports.com/vi/players/733
740,GOMP,Seunghyeon Son,Korea (the Republic of),https://wstatic-prod-boc.krafton.com/entry/player/20240319/LAyY5POH.png,pubg_players\images\740.png,GOGOPUSH,2025 PUBG WEEKLY SERIES: Phase 2,,,,-,"[{""year"": 2025, ""team"": ""GOGOPUSH""}, {""year"": 2025, ""team"": ""KX Gaming""}, {""year"": 2025, ""team"": ""SENTINEL""}, {""year"": 2024, ""team"": ""Sentinel""}, {""year"": 2022, ""team"": ""Veronica7""}]",https://pubgesports.com/vi/players/740
743,Awkar1nnnnn,Ridho Dwiki Sena,-,https://wstatic-prod-boc.krafton.com/common/player/20241208/S8BrgA1J/awak.png,pubg_players\images\743.png,Alter Ego,PGS APAC Qualifiers 2025 Phase 2,,,,-,"[{""year"": 2025, ""team"": ""Alter Ego""}, {""year"": 2024, ""team"": ""BLEED Esports""}, {""year"": 2024, ""team"": ""From The Future""}, {""year"": 2024, ""team"": ""INDONESIA""}, {""year"": 2022, ""team"": ""INDONESIA""}]",https://pubgesports.com/vi/players/743
754,LuckyJie,"ZHANG, YING-JIE",-,https://wstatic-prod.pubgesports.com/web/live/main_216c17e/img/21c48fd.png,pubg_players\images\754.png,Xavage Men Esports,PGS APAC Qualifiers 2025 Phase 2,11.7,0.56,167.61,18:12,"[{""year"": 2025, ""team"": ""Xavage Men Esports""}, {""year"": 2024, ""team"": ""FOXXRAYKINGSLAYER""}, {""year"": 2023, ""team"": ""Deadly Strike""}]",https://pubgesports.com/vi/players/754
761,Upchen,"HONG, SHANG-CHEN",-,https://wstatic-prod-boc.krafton.com/common/player/20260622/zisDyIld/TPE_Upchen.png,pubg_players\images\761.png,CHINESE TAIPEI,PUBG NATIONS CUP 2026,9.2,0.8,132.72,17:44,"[{""year"": 2026, ""team"": ""CHINESE TAIPEI""}, {""year"": 2025, ""team"": ""Xavage Men Esports""}, {""year"": 2024, ""team"": ""Dai Zhu Xmen Esport""}, {""year"": 2024, ""team"": ""Dai Zhu Xmen Esports""}, {""year"": 2024, ""team"": ""Xavage Men Esports""}, {""year"": 2023, ""team"": ""Global Esports Xsset""}, {""year"": 2023, ""team"": ""Xavage Men Esports""}]",https://pubgesports.com/vi/players/761
795,Axidd,Liao Wei,China,https://wstatic-prod-boc.krafton.com/entry/player/20250321/RqGZO8Ka.png,pubg_players\images\795.png,EDWARD GAMING,2025 PUBG Champions League Autumn,,,,-,"[{""year"": 2025, ""team"": ""Chosen Clique Gaming""}, {""year"": 2025, ""team"": ""EDWARD GAMING""}, {""year"": 2024, ""team"": ""Chosen Clique Gaming""}, {""year"": 2024, ""team"": ""RainbowStyle""}, {""year"": 2023, ""team"": ""17Gaming""}, {""year"": 2023, ""team"": ""RainbowStyle""}]",https://pubgesports.com/vi/players/795
802,Uta_NRG,Fang Fantao,-,https://wstatic-prod.pubgesports.com/web/live/main_216c17e/img/21c48fd.png,pubg_players\images\802.png,Dream Set Sail,2025 PUBG Champions League Autumn,10.2,0.28,59.45,16:56,"[{""year"": 2025, ""team"": ""Dream Set Sail""}, {""year"": 2023, ""team"": ""Blue Joker""}]",https://pubgesports.com/vi/players/802
806,BLACK,Fernando Mendelson,Argentina,https://wstatic-prod.pubgesports.com/web/live/main_216c17e/img/21c48fd.png,pubg_players\images\806.png,TOYO ESPORTS,PUBG Americas Series 6,,,,-,"[{""year"": 2025, ""team"": ""TOYO""}, {""year"": 2025, ""team"": ""TOYO ESPORTS""}, {""year"": 2024, ""team"": ""TOYO ESPORTS""}]",https://pubgesports.com/vi/players/806
817,Lericz,Peeraphat Temkla,Thailand,https://wstatic-prod-boc.krafton.com/common/player/20260804/I1gc7QaW/EA_Lericz.png,pubg_players\images\817.png,eArena,2026 PUBG Global Series 7,6.8,0.64,196.6,19:11,"[{""year"": 2026, ""team"": ""eArena""}, {""year"": 2025, ""team"": ""eArena""}, {""year"": 2024, ""team"": ""eArena""}, {""year"": 2024, ""team"": ""THAILAND""}, {""year"": 2023, ""team"": ""eArena""}, {""year"": 2022, ""team"": ""eArena""}]",https://pubgesports.com/vi/players/817
819,Shen,ANDERSON CHONG,Malaysia,https://wstatic-prod-boc.krafton.com/common/player/20260722/M9HQ3Vqo/4AM_Shen(1).png,pubg_players\images\819.png,FOUR ANGRY MEN,2026 PUBG Global Series 7,9.5,1.0,200.76,18:46,"[{""year"": 2026, ""team"": ""FOUR ANGRY MEN""}, {""year"": 2026, ""team"": ""MALAYSIA""}, {""year"": 2025, ""team"": ""Four Angry Men""}, {""year"": 2025, ""team"": ""MALAYSIA""}, {""year"": 2025, ""team"": ""Weibo Gaming""}, {""year"": 2024, ""team"": ""DD Team""}, {""year"": 2024, ""team"": ""Weibo Gaming""}, {""year"": 2023, ""team"": ""TYLOO""}, {""year"": 2022, ""team"": ""ShuaiGeDui""}]",https://pubgesports.com/vi/players/819
823,Ma4nn,Zalman Al Farizi,-,https://wstatic-prod-boc.krafton.com/common/player/20241208/NXAmW3jX/ma4nn.png,pubg_players\images\823.png,Alter Ego,PGS APAC Qualifiers 2025 Phase 2,9.5,0.67,136.32,21:09,"[{""year"": 2025, ""team"": ""Alter Ego""}, {""year"": 2025, ""team"": ""Qiwa Esports""}, {""year"": 2024, ""team"": ""BLEED Esports""}, {""year"": 2024, ""team"": ""From The Future""}, {""year"": 2023, ""team"": ""From The Future""}, {""year"": 2022, ""team"": ""From The Future""}, {""year"": 2021, ""team"": ""Victim Rise""}, {""year"": 2020, ""team"": ""EAGLE 365 Esports""}]",https://pubgesports.com/vi/players/823
824,tRycKK,Faitric Marsan Sawzi,Indonesia,https://wstatic-prod-boc.krafton.com/common/player/20260622/UrhtThnw/INA_tRycKK.png,pubg_players\images\824.png,INDONESIA,PUBG NATIONS CUP 2026,11.3,0.93,163.74,17:24,"[{""year"": 2026, ""team"": ""INDONESIA""}, {""year"": 2025, ""team"": ""Alter Ego""}, {""year"": 2025, ""team"": ""INDONESIA""}, {""year"": 2025, ""team"": ""Qiwa Esports""}, {""year"": 2024, ""team"": ""BLEED Esports""}, {""year"": 2024, ""team"": ""From The Future""}, {""year"": 2024, ""team"": ""INDONESIA""}, {""year"": 2023, ""team"": ""One Call""}, {""year"": 2022, ""team"": ""From The Future""}, {""year"": 2022, ""team"": ""team Extraordinaire""}, {""year"": 2021, ""team"": ""Seiryu Esports""}]",https://pubgesports.com/vi/players/824
825,SICKO,Tan Chun Chou,Malaysia,https://wstatic-prod-boc.krafton.com/common/player/20250719/TmKlDR5B/iampete.png,pubg_players\images\825.png,Xavage Men Esports,PGS APAC Qualifiers 2025 Phase 2,11.7,0.67,119.71,18:07,"[{""year"": 2025, ""team"": ""MALAYSIA""}, {""year"": 2025, ""team"": ""Xavage Men Esports""}, {""year"": 2024, ""team"": ""PMA""}, {""year"": 2023, ""team"": ""PMA""}, {""year"": 2022, ""team"": ""PMA""}]",https://pubgesports.com/vi/players/825
831,Clories,Nguyen Long Hao,-,https://wstatic-prod-boc.krafton.com/common/player/20260317/ujvCYjUg/TE_Clories.png,pubg_players\images\831.png,GAM The Expendables,2026 PUBG Global Series 7,8.3,0.33,99.45,16:20,"[{""year"": 2026, ""team"": ""GAM Esports""}, {""year"": 2026, ""team"": ""GAM The Expendables""}, {""year"": 2026, ""team"": ""The Expendables""}, {""year"": 2025, ""team"": ""The Expendables""}, {""year"": 2024, ""team"": ""The Expendables""}, {""year"": 2024, ""team"": ""VIETNAM""}, {""year"": 2023, ""team"": ""Genius Esports""}, {""year"": 2023, ""team"": ""VIETNAM""}, {""year"": 2022, ""team"": ""Bao Nam United""}, {""year"": 2022, ""team"": ""Genius Esports""}, {""year"": 2022, ""team"": ""VIETNAM""}, {""year"": 2021, ""team"": ""GameHome Ha Dong""}, {""year"": 2020, ""team"": ""GameHome Esports""}]",https://pubgesports.com/vi/players/831
832,SimonT,Hoang Huu Tri,Vietnam,https://wstatic-prod-boc.krafton.com/common/player/20260804/4jRa5r1Q/APG_SirT.png,pubg_players\images\832.png,Alpha Gaming,2026 PUBG Global Series 7,11.3,0.5,107.88,16:31,"[{""year"": 2026, ""team"": ""Alpha Gaming""}, {""year"": 2025, ""team"": ""ALL GAMERS""}, {""year"": 2024, ""team"": ""ALL GAMERS GLOBAL""}, {""year"": 2024, ""team"": ""ROY Esports""}, {""year"": 2023, ""team"": ""Genius Esports""}, {""year"": 2022, ""team"": ""Genius Esports""}, {""year"": 2021, ""team"": ""Bao Nam United""}, {""year"": 2020, ""team"": ""Hydra Gaming""}]",https://pubgesports.com/vi/players/832
835,Zest,Tran Van Khoa,-,https://wstatic-prod-boc.krafton.com/common/player/20260317/VnD5zGLw/FCE_Zest.png,pubg_players\images\835.png,FINHAY CERBERUS,2026 PUBG Global Series 6,10.2,0.4,163.29,18:25,"[{""year"": 2026, ""team"": ""FINHAY CERBERUS""}, {""year"": 2025, ""team"": ""Cerberus Esports""}, {""year"": 2025, ""team"": ""Finhay CERBERUS""}, {""year"": 2024, ""team"": ""ALL GAMERS GLOBAL""}, {""year"": 2024, ""team"": ""ROY Esports""}, {""year"": 2023, ""team"": ""Genius Esports""}, {""year"": 2022, ""team"": ""Bao Nam United""}, {""year"": 2022, ""team"": ""Genius Esports""}, {""year"": 2021, ""team"": ""Bao Nam United""}]",https://pubgesports.com/vi/players/835
838,VanNghj,Vo Van Nghi,-,https://wstatic-prod-boc.krafton.com/common/player/20241021/Mz54DrrQ/vannghj.png,pubg_players\images\838.png,TDT Esports,PGS APAC Qualifiers 2025 Phase 2,7.1,1.03,188.48,22:14,"[{""year"": 2025, ""team"": ""TDT Esports""}, {""year"": 2024, ""team"": ""ALL GAMERS GLOBAL""}, {""year"": 2024, ""team"": ""Reluctant Squad""}, {""year"": 2024, ""team"": ""ROY Esports""}, {""year"": 2024, ""team"": ""TDT Esports""}, {""year"": 2023, ""team"": ""New Generation Esports""}, {""year"": 2022, ""team"": ""New Generation Esports""}, {""year"": 2021, ""team"": ""Unicorn Phoenix Da Nang""}]",https://pubgesports.com/vi/players/838
848,Akita,Jesse Perham,-,https://wstatic-prod.pubgesports.com/web/live/main_216c17e/img/21c48fd.png,pubg_players\images\848.png,Aurora,PGS APAC Qualifiers 2025 Phase 2,8.9,0.72,222.97,21:43,"[{""year"": 2025, ""team"": ""Aurora""}, {""year"": 2024, ""team"": ""Team Bliss""}, {""year"": 2023, ""team"": ""EXO Clan""}, {""year"": 2022, ""team"": ""Origami Orangutans""}]",https://pubgesports.com/vi/players/848
851,GOONSHOTGG,Gregorio Jardin,United States of America,https://wstatic-prod.pubgesports.com/web/live/main_216c17e/img/21c48fd.png,pubg_players\images\851.png,Gooners,PUBG Americas Series 6,9.8,1.43,222.33,17:50,"[{""year"": 2025, ""team"": ""Gooners""}, {""year"": 2024, ""team"": ""Paragon""}, {""year"": 2023, ""team"": ""Dragon Tiger Beryl Showdown""}, {""year"": 2022, ""team"": ""Gascans""}, {""year"": 2022, ""team"": ""Wildcard Gaming""}, {""year"": 2021, ""team"": ""Gascans""}, {""year"": 2020, ""team"": ""Fabled""}]",https://pubgesports.com/vi/players/851
852,Adam,Adam Didiano,Canada,https://wstatic-prod-boc.krafton.com/common/player/20260622/d7COL0nA/CAN_Adam.png,pubg_players\images\852.png,CANADA,PUBG NATIONS CUP 2026,12.2,0.1,76.53,14:40,"[{""year"": 2026, ""team"": ""CANADA""}, {""year"": 2025, ""team"": ""CANADA""}, {""year"": 2025, ""team"": ""EMPIRE Gaming""}, {""year"": 2025, ""team"": ""Sakura Zensen""}, {""year"": 2024, ""team"": ""CANADA""}, {""year"": 2024, ""team"": ""Gascans""}, {""year"": 2023, ""team"": ""CANADA""}, {""year"": 2023, ""team"": ""Shoot To Kill""}, {""year"": 2023, ""team"": ""Third Eye""}, {""year"": 2022, ""team"": ""CANADA""}, {""year"": 2022, ""team"": ""Gascans""}, {""year"": 2022, ""team"": ""Wildcard Gaming""}, {""year"": 2021, ""team"": ""Gascans""}, {""year"": 2020, ""team"": ""Dodge""}, {""year"": 2020, ""team"": ""ILLUSION""}]",https://pubgesports.com/vi/players/852
855,luke12,Luke Newey,Australia,https://wstatic-prod-boc.krafton.com/common/player/20260722/7m5OZuJ1/TL luke12(1).png,pubg_players\images\855.png,TEAM LIQUID,2026 PUBG Global Series 7,7.5,0.27,110.12,19:03,"[{""year"": 2026, ""team"": ""AUSTRALIA""}, {""year"": 2026, ""team"": ""TEAM LIQUID""}, {""year"": 2025, ""team"": ""AUSTRALIA""}, {""year"": 2025, ""team"": ""Team Liquid""}, {""year"": 2024, ""team"": ""AUSTRALIA""}, {""year"": 2024, ""team"": ""Shoot To Kill""}, {""year"": 2024, ""team"": ""TSM""}, {""year"": 2023, ""team"": ""AUSTRALIA""}, {""year"": 2023, ""team"": ""Fury""}, {""year"": 2022, ""team"": ""AUSTRALIA""}, {""year"": 2022, ""team"": ""Luminosity Gaming""}, {""year"": 2022, ""team"": ""Shoot to Kill""}, {""year"": 2021, ""team"": ""Shoot to Kill""}, {""year"": 2021, ""team"": ""TSM FTX""}, {""year"": 2020, ""team"": ""Shoot to Kill""}]",https://pubgesports.com/vi/players/855
856,pentalol,Andrew Franco,United States of America,https://wstatic-prod-boc.krafton.com/entry/player/20230426/uZFMKOGB.png,pubg_players\images\856.png,Sakura Zensen,PUBG Americas Series 6,7.6,0.87,244.02,21:51,"[{""year"": 2025, ""team"": ""DUEL""}, {""year"": 2025, ""team"": ""Pure RNG""}, {""year"": 2025, ""team"": ""Sakura Zensen""}, {""year"": 2024, ""team"": ""Friendly Fire""}, {""year"": 2024, ""team"": ""Gascans""}, {""year"": 2023, ""team"": ""Shoot To Kill""}, {""year"": 2022, ""team"": ""Luminosity Gaming""}, {""year"": 2022, ""team"": ""Shoot to Kill""}, {""year"": 2021, ""team"": ""TSM FTX""}]",https://pubgesports.com/vi/players/856
857,PurdyKurty,Kurtis Bond,United States of America,https://wstatic-prod-boc.krafton.com/common/player/20260722/9V81irsN/TL PurdyKurty(1).png,pubg_players\images\857.png,TEAM LIQUID,2026 PUBG Global Series 7,7.5,0.45,136.85,17:06,"[{""year"": 2026, ""team"": ""TEAM LIQUID""}, {""year"": 2026, ""team"": ""UNITED STATES""}, {""year"": 2025, ""team"": ""Team Liquid""}, {""year"": 2025, ""team"": ""USA""}, {""year"": 2024, ""team"": ""Shoot To Kill""}, {""year"": 2024, ""team"": ""TSM""}, {""year"": 2024, ""team"": ""USA""}, {""year"": 2023, ""team"": ""Shoot To Kill""}, {""year"": 2022, ""team"": ""Luminosity Gaming""}, {""year"": 2022, ""team"": ""Shoot to Kill""}, {""year"": 2021, ""team"": ""Shoot to Kill""}, {""year"": 2021, ""team"": ""TSM FTX""}, {""year"": 2020, ""team"": ""Shoot to Kill""}]",https://pubgesports.com/vi/players/857
858,aLOW,aaron lommen,United States of America,https://wstatic-prod-boc.krafton.com/common/player/20260317/Jt34NkoE/TL aLOW.png,pubg_players\images\858.png,TEAM LIQUID,2026 PUBG Global Series 7,7.5,0.91,156.05,19:20,"[{""year"": 2026, ""team"": ""TEAM LIQUID""}, {""year"": 2025, ""team"": ""Team Liquid""}, {""year"": 2025, ""team"": ""USA""}, {""year"": 2024, ""team"": ""Shoot To Kill""}, {""year"": 2024, ""team"": ""TSM""}, {""year"": 2023, ""team"": ""Shoot To Kill""}, {""year"": 2022, ""team"": ""Luminosity Gaming""}, {""year"": 2022, ""team"": ""Shoot to Kill""}, {""year"": 2021, ""team"": ""Shoot to Kill""}, {""year"": 2021, ""team"": ""TSM FTX""}, {""year"": 2020, ""team"": ""Shoot to Kill""}]",https://pubgesports.com/vi/players/858
861,hallomybad,Artem Baskakov,Russia,https://wstatic-prod-boc.krafton.com/common/player/20260317/sEeWWfXt/VIT_hallomybad.png,pubg_players\images\861.png,Team Vitality,2026 PUBG Global Series 7,9.2,1.09,126.43,18:41,"[{""year"": 2026, ""team"": ""Team Vitality""}, {""year"": 2025, ""team"": ""Nemiga Gaming""}, {""year"": 2025, ""team"": ""Winordie""}, {""year"": 2024, ""team"": ""Gascans""}, {""year"": 2024, ""team"": ""winordie""}, {""year"": 2023, ""team"": ""EXhalatioN""}, {""year"": 2023, ""team"": ""We Live Again""}, {""year"": 2022, ""team"": ""Tokyo Manji Gang""}]",https://pubgesports.com/vi/players/861
864,Ribo,Leandro Racanelli,Argentina,https://wstatic-prod-boc.krafton.com/common/player/20250720/hfIwPpMN/riboxd.png,pubg_players\images\864.png,TOYO ESPORTS,PUBG Americas Series 6,7.9,0.5,147.87,20:53,"[{""year"": 2025, ""team"": ""ARGENTINA""}, {""year"": 2025, ""team"": ""TOYO""}, {""year"": 2025, ""team"": ""ZVIRE""}, {""year"": 2023, ""team"": ""ARGENTINA""}, {""year"": 2023, ""team"": ""ZVIRE""}, {""year"": 2022, ""team"": ""FIUMBA""}, {""year"": 2022, ""team"": ""JUST 2 EASY""}]",https://pubgesports.com/vi/players/864
868,rbN777,Guilherme Carvalho Da Silva Cunha,-,https://wstatic-prod-boc.krafton.com/common/player/20250430/bkslyrme/rbn777.png,pubg_players\images\868.png,ROC Esports,PUBG Global Championship 2025,8.1,0.47,137.82,20:27,"[{""year"": 2025, ""team"": ""ROC Esports""}, {""year"": 2025, ""team"": ""Working in Silence""}, {""year"": 2024, ""team"": ""Legacy""}, {""year"": 2023, ""team"": ""00Nation""}, {""year"": 2023, ""team"": ""Legacy""}, {""year"": 2022, ""team"": ""FourPoorMen""}]",https://pubgesports.com/vi/players/868
869,lfp1,lucas franciolly prado,-,https://wstatic-prod-boc.krafton.com/common/player/20260804/IZtAQy0z/GodL_lfp1.png,pubg_players\images\869.png,Godlike,2026 PUBG Global Series 7,11.0,,95.86,19:12,"[{""year"": 2026, ""team"": ""Godlike""}, {""year"": 2025, ""team"": ""Team MIRA""}, {""year"": 2025, ""team"": ""WuJuTu""}, {""year"": 2024, ""team"": ""BRAZIL""}, {""year"": 2024, ""team"": ""Legacy""}, {""year"": 2023, ""team"": ""00Nation""}, {""year"": 2023, ""team"": ""BRAZIL""}, {""year"": 2023, ""team"": ""Legacy""}, {""year"": 2022, ""team"": ""A CRECHE""}, {""year"": 2022, ""team"": ""BRAZIL""}, {""year"": 2022, ""team"": ""FourPoorMen""}]",https://pubgesports.com/vi/players/869
878,possa,Francisco Possamai dos Santos,Brazil,https://wstatic-prod-boc.krafton.com/common/player/20260317/ogwkUPWB/FUR_possa .png,pubg_players\images\878.png,FURIA,2026 PUBG Global Series 6,7.2,1.2,170.7,22:34,"[{""year"": 2026, ""team"": ""FURIA""}, {""year"": 2025, ""team"": ""BRAZIL""}, {""year"": 2025, ""team"": ""El Proyecto""}, {""year"": 2025, ""team"": ""FURIA""}, {""year"": 2024, ""team"": ""Luna Galaxy""}, {""year"": 2023, ""team"": ""22 Esports""}, {""year"": 2022, ""team"": ""Trogloditas""}]",https://pubgesports.com/vi/players/878
879,SzylzEN,Nahuel Ezequiel Balseiro,-,https://wstatic-prod-boc.krafton.com/entry/player/20240319/irZKctjW.png,pubg_players\images\879.png,ROC Esports,PUBG Global Championship 2025,,,,-,"[{""year"": 2025, ""team"": ""Bestia""}, {""year"": 2025, ""team"": ""OP""}, {""year"": 2025, ""team"": ""ROC Esports""}, {""year"": 2024, ""team"": ""ARGENTINA""}, {""year"": 2024, ""team"": ""Bestia""}, {""year"": 2023, ""team"": ""FIUMBA""}, {""year"": 2023, ""team"": ""Team Falcons""}, {""year"": 2022, ""team"": ""ARGENTINA""}, {""year"": 2022, ""team"": ""Synergy Esports""}, {""year"": 2021, ""team"": ""FIUMBA""}, {""year"": 2021, ""team"": ""KPI Gaming""}, {""year"": 2021, ""team"": ""META Gaming""}]",https://pubgesports.com/vi/players/879
880,danitw,César Arce,Paraguay,https://wstatic-prod-boc.krafton.com/entry/player/20230620/y9p5lG6V.png,pubg_players\images\880.png,DEPORTIVO MERLO,PUBG Americas Series 6,9.5,1.13,169.46,19:08,"[{""year"": 2025, ""team"": ""DEPORTIVO MERLO""}, {""year"": 2024, ""team"": ""TOYO ESPORTS""}, {""year"": 2023, ""team"": ""Synergy Esports""}, {""year"": 2022, ""team"": ""Synergy Esports""}, {""year"": 2021, ""team"": ""Latin Dominus""}]",https://pubgesports.com/vi/players/880
881,beNjA,Benjamin Selman,-,https://wstatic-prod.pubgesports.com/web/live/main_216c17e/img/21c48fd.png,pubg_players\images\881.png,TOYO ESPORTS,PUBG Americas Series 6,7.9,1.1,187.86,20:45,"[{""year"": 2025, ""team"": ""TOYO""}, {""year"": 2025, ""team"": ""TOYO ESPORTS""}, {""year"": 2024, ""team"": ""TOYO ESPORTS""}, {""year"": 2023, ""team"": ""Synergy Esports""}, {""year"": 2022, ""team"": ""Synergy Esports""}]",https://pubgesports.com/vi/players/881
882,gats,Asher Tankel,-,https://wstatic-prod-boc.krafton.com/common/player/20251011/0wqrL8kE/mriagats.png,pubg_players\images\882.png,Copenhagen Wolves,PUBG Global Championship 2025,,,,-,"[{""year"": 2025, ""team"": ""Copenhagen Wolves""}, {""year"": 2025, ""team"": ""Luminosity Gaming""}, {""year"": 2025, ""team"": ""Mission Ready International Alliance""}, {""year"": 2024, ""team"": ""RATZ""}, {""year"": 2024, ""team"": ""RENT FREE""}, {""year"": 2023, ""team"": ""Elevate""}, {""year"": 2023, ""team"": ""EXO Clan""}, {""year"": 2022, ""team"": ""Bing Bang Boom""}]",https://pubgesports.com/vi/players/882
889,bielmtcalmo,Gabriel Oliveira da Silva,Brazil,https://wstatic-prod-boc.krafton.com/common/player/20260622/kLjEIX7Y/BRA_bielmtcalmo.png,pubg_players\images\889.png,BRAZIL,PUBG NATIONS CUP 2026,7.3,1.33,283.76,19:59,"[{""year"": 2026, ""team"": ""BRAZIL""}, {""year"": 2026, ""team"": ""FURIA""}, {""year"": 2025, ""team"": ""BRAZIL""}, {""year"": 2025, ""team"": ""ROC Esports""}, {""year"": 2025, ""team"": ""Working in Silence""}, {""year"": 2024, ""team"": ""Pichau""}, {""year"": 2023, ""team"": ""iNCO Gaming""}, {""year"": 2022, ""team"": ""EosGURI""}]",https://pubgesports.com/vi/players/889
891,zkraken,Leandro Gomes Pereira de Souza Santos,-,https://wstatic-prod-boc.krafton.com/common/player/20260622/eOP9JZcf/BRA_zkrakeN.png,pubg_players\images\891.png,BRAZIL,PUBG NATIONS CUP 2026,7.3,0.87,205.85,21:00,"[{""year"": 2026, ""team"": ""BRAZIL""}, {""year"": 2026, ""team"": ""FURIA""}, {""year"": 2025, ""team"": ""El Proyecto""}, {""year"": 2025, ""team"": ""FURIA""}, {""year"": 2024, ""team"": ""BRAZIL""}, {""year"": 2024, ""team"": ""Luna Galaxy""}, {""year"": 2023, ""team"": ""Synergy Esports""}, {""year"": 2022, ""team"": ""EosGURI""}, {""year"": 2021, ""team"": ""Black Tiger""}]",https://pubgesports.com/vi/players/891
892,Fakezin,Francisco Alisson Alves da Silva,-,https://wstatic-prod-boc.krafton.com/entry/player/20240319/aSBqh7yJ.png,pubg_players\images\892.png,Team MIRA,PUBG Americas Series 6,8.0,1.3,225.68,21:16,"[{""year"": 2025, ""team"": ""Team MIRA""}, {""year"": 2025, ""team"": ""WuJuTu""}, {""year"": 2024, ""team"": ""Luna Galaxy""}, {""year"": 2024, ""team"": ""Pichau""}, {""year"": 2023, ""team"": ""Al-Lienigenas""}, {""year"": 2023, ""team"": ""Decimate""}, {""year"": 2022, ""team"": ""EosGURI""}]",https://pubgesports.com/vi/players/892
899,Pio,Seung Hun Cha,Korea (the Republic of),https://wstatic-prod-boc.krafton.com/common/player/20260316/p05EdUP8/CR_Pio.png,pubg_players\images\899.png,Crazy Raccoon,2026 PUBG Global Series 6,9.6,1.25,197.8,20:46,"[{""year"": 2026, ""team"": ""Crazy Raccoon""}, {""year"": 2025, ""team"": ""Baegopa""}, {""year"": 2023, ""team"": ""Gen.G""}, {""year"": 2022, ""team"": ""Baegopa""}, {""year"": 2021, ""team"": ""Gen.G""}, {""year"": 2021, ""team"": ""GenG""}, {""year"": 2020, ""team"": ""GenG""}]",https://pubgesports.com/vi/players/899
903,Seongjang,Jang Hwan Seong,Korea (the Republic of),https://wstatic-prod-boc.krafton.com/common/player/20260804/eyoOIWyT/GK_Seongjang.png,pubg_players\images\903.png,Geekay Esports,2026 PUBG Global Series 7,8.7,1.36,198.58,18:23,"[{""year"": 2026, ""team"": ""Geekay Esports""}, {""year"": 2026, ""team"": ""KOREA""}, {""year"": 2025, ""team"": ""Baegopa""}, {""year"": 2023, ""team"": ""Gen.G""}, {""year"": 2023, ""team"": ""Star Balloon""}, {""year"": 2022, ""team"": ""Baegopa""}, {""year"": 2021, ""team"": ""DWG KIA""}, {""year"": 2020, ""team"": ""OGN ENTUS""}]",https://pubgesports.com/vi/players/903
905,xwudd,Bo Wu,China,https://wstatic-prod-boc.krafton.com/common/player/20260722/SSh26Ts5/17_xwudd(1).png,pubg_players\images\905.png,17Gaming,2026 PUBG Global Series 7,6.9,2.0,279.33,21:41,"[{""year"": 2026, ""team"": ""17Gaming""}, {""year"": 2026, ""team"": ""CHINA""}, {""year"": 2025, ""team"": ""17Gaming""}, {""year"": 2025, ""team"": ""CHINA""}, {""year"": 2024, ""team"": ""17Gaming""}, {""year"": 2024, ""team"": ""CHINA""}, {""year"": 2023, ""team"": ""17Gaming""}, {""year"": 2023, ""team"": ""CHINA""}, {""year"": 2022, ""team"": ""17Gaming""}, {""year"": 2022, ""team"": ""JuFu""}]",https://pubgesports.com/vi/players/905
911,Summer,Yu Chuan,China,https://wstatic-prod-boc.krafton.com/entry/player/20250321/9vIHZ2qg.png,pubg_players\images\911.png,Zhu Chao Gaming,2025 PUBG Champions League Autumn,8.4,0.82,154.8,20:01,"[{""year"": 2025, ""team"": ""Petrichor Road""}, {""year"": 2025, ""team"": ""Zhu Chao Gaming""}, {""year"": 2024, ""team"": ""Petrichor Road""}, {""year"": 2023, ""team"": ""Four Angry Men""}, {""year"": 2023, ""team"": ""Petrichor Road""}, {""year"": 2022, ""team"": ""Games Forever Young""}, {""year"": 2021, ""team"": ""Multi Circle Gaming""}, {""year"": 2020, ""team"": ""Multi Circle Gaming""}]",https://pubgesports.com/vi/players/911
912,XcDh,Liu Yu,China,https://wstatic-prod-boc.krafton.com/common/player/20260317/X488lqSy/CTG_XcDh.png,pubg_players\images\912.png,Change The Game,2026 PUBG Global Series 6,12.6,0.8,103.59,17:32,"[{""year"": 2026, ""team"": ""Change The Game""}, {""year"": 2025, ""team"": ""EDWARD GAMING""}, {""year"": 2025, ""team"": ""Soy Milk Squad""}, {""year"": 2024, ""team"": ""Chosen Clique Gaming""}, {""year"": 2023, ""team"": ""Change The Game""}]",https://pubgesports.com/vi/players/912
913,mxey,Anssi Tapio Pekkonen,Finland,https://wstatic-prod-boc.krafton.com/common/player/20251011/xeb8RAWw/fazemxey.png,pubg_players\images\913.png,FaZe Clan,PUBG Global Championship 2025,,,,-,"[{""year"": 2025, ""team"": ""FaZe Clan""}, {""year"": 2023, ""team"": ""Entropiq""}, {""year"": 2022, ""team"": ""FINLAND""}, {""year"": 2022, ""team"": ""OVERPEEKERS""}, {""year"": 2022, ""team"": ""team Liquid""}, {""year"": 2021, ""team"": ""team Liquid""}, {""year"": 2020, ""team"": ""team Liquid""}]",https://pubgesports.com/vi/players/913
914,vard,Alexander John Gouge,United Kingdom,https://wstatic-prod-boc.krafton.com/common/player/20260622/YyWv9jvQ/GBR_vard.png,pubg_players\images\914.png,UNITED KINGDOM,PUBG NATIONS CUP 2026,9.1,1.04,232.43,18:27,"[{""year"": 2026, ""team"": ""UNITED KINGDOM""}, {""year"": 2025, ""team"": ""FaZe Clan""}, {""year"": 2025, ""team"": ""FUT Esports""}, {""year"": 2025, ""team"": ""UNITED KINGDOM""}, {""year"": 2024, ""team"": ""FUT Esports""}, {""year"": 2024, ""team"": ""UNITED KINGDOM""}, {""year"": 2023, ""team"": ""FUT Esports""}, {""year"": 2023, ""team"": ""UNITED KINGDOM""}, {""year"": 2022, ""team"": ""OVERPEEKERS""}, {""year"": 2022, ""team"": ""team Liquid""}, {""year"": 2022, ""team"": ""UNITED KINGDOM""}, {""year"": 2021, ""team"": ""Digital Athletics""}, {""year"": 2021, ""team"": ""TSM FTX""}, {""year"": 2020, ""team"": ""TSM FTX""}]",https://pubgesports.com/vi/players/914
915,jeemzz,Jim Gunnar Eliassen,Norway,https://wstatic-prod-boc.krafton.com/common/player/20260622/rHPr4JJW/NOR_jeemzz.png,pubg_players\images\915.png,NORWAY,PUBG NATIONS CUP 2026,8.0,0.3,149.64,16:24,"[{""year"": 2026, ""team"": ""NORWAY""}, {""year"": 2025, ""team"": ""FaZe Clan""}, {""year"": 2025, ""team"": ""NORWAY""}, {""year"": 2024, ""team"": ""FaZe Clan""}, {""year"": 2024, ""team"": ""NORWAY""}, {""year"": 2023, ""team"": ""FaZe Clan""}, {""year"": 2022, ""team"": ""OVERPEEKERS""}, {""year"": 2022, ""team"": ""team Liquid""}, {""year"": 2021, ""team"": ""team Liquid""}, {""year"": 2020, ""team"": ""team Liquid""}]",https://pubgesports.com/vi/players/915
917,Fuzzface,David Tillberg Persson,Sweden,https://wstatic-prod-boc.krafton.com/common/player/20250719/Uo5eYsw0/fuzzface.png,pubg_players\images\917.png,HYPEBEASTS,PUBG EMEA Championship: Fall,9.2,1.13,185.22,17:57,"[{""year"": 2025, ""team"": ""Hypebeasts & Co""}, {""year"": 2025, ""team"": ""SWEDEN""}, {""year"": 2024, ""team"": ""Any Trolls in Chat""}, {""year"": 2024, ""team"": ""Sakura Zensen""}, {""year"": 2023, ""team"": ""the Woo""}, {""year"": 2021, ""team"": ""FaZe Clan""}, {""year"": 2020, ""team"": ""FaZe Clan""}]",https://pubgesports.com/vi/players/917
918,Mellman,Konstantine Levkini,Georgia,https://wstatic-prod-boc.krafton.com/common/player/20260804/jzspFpl2/NMSS_Mellman.png,pubg_players\images\918.png,Team Nemesis,2026 PUBG Global Series 7,8.1,0.36,104.53,18:06,"[{""year"": 2026, ""team"": ""Team Nemesis""}, {""year"": 2025, ""team"": ""Contester""}, {""year"": 2025, ""team"": ""Gaimin Gladiators""}, {""year"": 2024, ""team"": ""Contester""}, {""year"": 2024, ""team"": ""winordie""}, {""year"": 2023, ""team"": ""NATUS VINCERE""}, {""year"": 2022, ""team"": ""NATUS VINCERE""}]",https://pubgesports.com/vi/players/918
920,ItzzChrizZ,Christian Blank,Germany,https://wstatic-prod-boc.krafton.com/common/player/20260622/r5RlXTXV/GER_ItzzChrizZ.png,pubg_players\images\920.png,GERMANY,PUBG NATIONS CUP 2026,8.0,0.33,131.69,16:41,"[{""year"": 2026, ""team"": ""GERMANY""}, {""year"": 2025, ""team"": ""Acend""}, {""year"": 2025, ""team"": ""GERMANY""}, {""year"": 2024, ""team"": ""Acend""}, {""year"": 2024, ""team"": ""GERMANY""}, {""year"": 2023, ""team"": ""ACEND""}, {""year"": 2023, ""team"": ""Acend Club""}, {""year"": 2023, ""team"": ""GERMANY""}, {""year"": 2022, ""team"": ""ACEND""}, {""year"": 2022, ""team"": ""GERMANY""}, {""year"": 2020, ""team"": ""shiftW""}]",https://pubgesports.com/vi/players/920
921,braex,Rene Rehling,Germany,https://wstatic-prod-boc.krafton.com/common/player/20250718/TcaFll4R/braex.png,pubg_players\images\921.png,Acend,PUBG EMEA Championship: Fall,8.7,0.97,185.58,19:28,"[{""year"": 2025, ""team"": ""Acend""}, {""year"": 2025, ""team"": ""GERMANY""}, {""year"": 2024, ""team"": ""Acend""}, {""year"": 2024, ""team"": ""GERMANY""}, {""year"": 2023, ""team"": ""ACEND""}, {""year"": 2023, ""team"": ""Acend Club""}, {""year"": 2023, ""team"": ""GERMANY""}, {""year"": 2022, ""team"": ""ACEND""}, {""year"": 2020, ""team"": ""shiftW""}]",https://pubgesports.com/vi/players/921
922,KILYAKAi,Ardin Lisic,Germany,https://wstatic-prod-boc.krafton.com/common/player/20241120/jaxML9PF/kilya.png,pubg_players\images\922.png,Acend,Esports World Cup EMEA Qualifier,9.0,0.86,162.78,19:25,"[{""year"": 2025, ""team"": ""Acend""}, {""year"": 2024, ""team"": ""Acend""}, {""year"": 2023, ""team"": ""ACEND""}, {""year"": 2023, ""team"": ""Acend Club""}, {""year"": 2022, ""team"": ""ACEND""}, {""year"": 2020, ""team"": ""shiftW""}]",https://pubgesports.com/vi/players/922
923,Myca,Tim Bodenseh,Germany,https://wstatic-prod-boc.krafton.com/common/player/20250718/NFQ3OP7p/myca.png,pubg_players\images\923.png,Sakura Zensen,PUBG Americas Series 6,7.6,1.23,233.96,21:19,"[{""year"": 2025, ""team"": ""GERMANY""}, {""year"": 2025, ""team"": ""Sakura Zensen""}, {""year"": 2024, ""team"": ""ACEND""}, {""year"": 2024, ""team"": ""GERMANY""}, {""year"": 2024, ""team"": ""Sakura Zensen""}, {""year"": 2023, ""team"": ""ACEND""}, {""year"": 2023, ""team"": ""Acend Club""}, {""year"": 2023, ""team"": ""GERMANY""}, {""year"": 2022, ""team"": ""ACEND""}, {""year"": 2022, ""team"": ""GERMANY""}, {""year"": 2022, ""team"": ""THUNDER""}, {""year"": 2020, ""team"": ""With Potential""}]",https://pubgesports.com/vi/players/923
925,SkaV,Sami Vaarala,-,https://wstatic-prod-boc.krafton.com/common/player/20260622/AvPe8121/FIN_SkaV.png,pubg_players\images\925.png,FINLAND,PUBG NATIONS CUP 2026,9.0,0.88,171.9,18:26,"[{""year"": 2026, ""team"": ""FINLAND""}, {""year"": 2025, ""team"": ""FUT Esports""}, {""year"": 2024, ""team"": ""Saunabois""}, {""year"": 2023, ""team"": ""Monarch Esports""}, {""year"": 2022, ""team"": ""ENCE""}]",https://pubgesports.com/vi/players/925
926,Hoba,Akezhan Baltashev,Kazakhstan,https://wstatic-prod-boc.krafton.com/common/player/20260623/4w83X8l0/KAZ_Hoba.png,pubg_players\images\926.png,KAZAKHSTAN,PUBG NATIONS CUP 2026,7.3,0.3,138.33,19:52,"[{""year"": 2026, ""team"": ""KAZAKHSTAN""}, {""year"": 2025, ""team"": ""We Live Again""}, {""year"": 2023, ""team"": ""We Live Again""}, {""year"": 2022, ""team"": ""Question Mark""}]",https://pubgesports.com/vi/players/926
927,f1lfirst,Mansur Tsimpaev,-,https://wstatic-prod-boc.krafton.com/common/player/20250427/K9p62EFu/bb1.png,pubg_players\images\927.png,BB Team,PUBG Global Championship 2025,7.1,0.89,267.13,23:07,"[{""year"": 2025, ""team"": ""BB Team""}, {""year"": 2024, ""team"": ""BB Team""}, {""year"": 2023, ""team"": ""Question Mark""}, {""year"": 2022, ""team"": ""Question Mark""}]",https://pubgesports.com/vi/players/927
928,DaNte,Daniil Miusskii,-,https://wstatic-prod.pubgesports.com/web/live/main_216c17e/img/21c48fd.png,pubg_players\images\928.png,Hive,PUBG EMEA Championship: Fall,7.5,0.45,154.06,21:08,"[{""year"": 2025, ""team"": ""Gaimin Gladiators""}, {""year"": 2025, ""team"": ""HiVE""}, {""year"": 2024, ""team"": ""Gaimin Gladiators""}, {""year"": 2024, ""team"": ""Pod Samolet""}, {""year"": 2023, ""team"": ""Question Mark""}, {""year"": 2022, ""team"": ""Question Mark""}, {""year"": 2021, ""team"": ""Question Mark""}, {""year"": 2021, ""team"": ""Unique""}]",https://pubgesports.com/vi/players/928
930,Bestoloch,Andrey Ionov,-,https://wstatic-prod-boc.krafton.com/common/player/20250427/ucWkqy2T/bb3.png,pubg_players\images\930.png,BB Team,PUBG Global Championship 2025,7.1,0.69,173.19,23:12,"[{""year"": 2025, ""team"": ""BB Team""}, {""year"": 2024, ""team"": ""BB Team""}, {""year"": 2023, ""team"": ""Question Mark""}, {""year"": 2022, ""team"": ""the Woo""}, {""year"": 2020, ""team"": ""NATUS VINCERE""}]",https://pubgesports.com/vi/players/930
932,NIXZYEE,Nino Mikec,-,https://wstatic-prod-boc.krafton.com/common/player/20260804/CSpt6aVb/VP_NIXZYEE.png,pubg_players\images\932.png,Virtus.pro,2026 PUBG Global Series 7,5.9,2.45,353.51,23:01,"[{""year"": 2026, ""team"": ""Virtus.pro""}, {""year"": 2025, ""team"": ""Virtus.pro""}, {""year"": 2024, ""team"": ""MadBulls""}, {""year"": 2024, ""team"": ""Virtus Pro""}, {""year"": 2024, ""team"": ""Virtus.pro""}, {""year"": 2023, ""team"": ""the Woo""}, {""year"": 2022, ""team"": ""Sakura Zensen""}, {""year"": 2022, ""team"": ""the Woo""}]",https://pubgesports.com/vi/players/932
935,Gedrox,Aliaksandr Puchko,-,https://wstatic-prod-boc.krafton.com/common/player/20260317/xFQbxWBj/VIT_Gedrox.png,pubg_players\images\935.png,Team Vitality,2026 PUBG Global Series 7,9.2,0.55,166.83,14:46,"[{""year"": 2026, ""team"": ""Team Vitality""}, {""year"": 2025, ""team"": ""Nemiga Gaming""}, {""year"": 2025, ""team"": ""Winordie""}, {""year"": 2024, ""team"": ""LULW""}, {""year"": 2024, ""team"": ""winordie""}, {""year"": 2022, ""team"": ""win or die""}]",https://pubgesports.com/vi/players/935
936,Layosh,Aleksey Shvedov,-,https://wstatic-prod-boc.krafton.com/esports-legacy/upload/T_GAME_TEAM_PLAYER/20220921/9b36e1113e5f14bb_202209211207304021.png,pubg_players\images\936.png,Nemiga Gaming,PUBG Global Championship 2025,6.6,1.07,197.67,22:40,"[{""year"": 2025, ""team"": ""Nemiga Gaming""}, {""year"": 2025, ""team"": ""Winordie""}, {""year"": 2024, ""team"": ""winordie""}, {""year"": 2022, ""team"": ""win or die""}, {""year"": 2021, ""team"": ""Mutiny""}]",https://pubgesports.com/vi/players/936
937,LAHZA,Semih Can Şahin,Türkiye,https://wstatic-prod.pubgesports.com/web/live/main_216c17e/img/21c48fd.png,pubg_players\images\937.png,Respawn,2026 PUBG Global Series 6,9.8,0.4,126.79,18:48,"[{""year"": 2026, ""team"": ""S2G Esports""}, {""year"": 2025, ""team"": ""Respawn""}, {""year"": 2024, ""team"": ""PERA ESPORTS""}, {""year"": 2024, ""team"": ""Stardust""}, {""year"": 2024, ""team"": ""Sticky Gummies""}, {""year"": 2023, ""team"": ""HOWL""}, {""year"": 2023, ""team"": ""TURKIYE""}, {""year"": 2022, ""team"": ""HOWL""}, {""year"": 2022, ""team"": ""team Rage""}, {""year"": 2021, ""team"": ""SuperMassive Blaze""}, {""year"": 2020, ""team"": ""Blaze Esports""}]",https://pubgesports.com/vi/players/937
938,scof1eld,Berke İdris Öztürk,-,https://wstatic-prod.pubgesports.com/web/live/main_216c17e/img/21c48fd.png,pubg_players\images\938.png,Respawn,PUBG EMEA Championship: Fall,12.0,0.22,119.19,15:05,"[{""year"": 2025, ""team"": ""Respawn""}, {""year"": 2024, ""team"": ""PERA ESPORTS""}, {""year"": 2024, ""team"": ""Sticky Gummies""}, {""year"": 2023, ""team"": ""HOWL""}, {""year"": 2023, ""team"": ""TURKIYE""}, {""year"": 2022, ""team"": ""HOWL""}, {""year"": 2022, ""team"": ""team Rage""}, {""year"": 2021, ""team"": ""Gear Up""}]",https://pubgesports.com/vi/players/938
941,PaiinZ,Jan Kosters,Germany,https://wstatic-prod-boc.krafton.com/common/player/20260622/qcyT0Oxb/GER_PaiinZ.png,pubg_players\images\941.png,GERMANY,PUBG NATIONS CUP 2026,8.0,1.0,183.03,20:17,"[{""year"": 2026, ""team"": ""GERMANY""}, {""year"": 2025, ""team"": ""Acend""}, {""year"": 2025, ""team"": ""GERMANY""}, {""year"": 2024, ""team"": ""Acend""}, {""year"": 2024, ""team"": ""GERMANY""}, {""year"": 2022, ""team"": ""Austrian Force""}, {""year"": 2022, ""team"": ""GERMANY""}]",https://pubgesports.com/vi/players/941
942,SILERZZ,Tristan Van den Houte,-,https://wstatic-prod-boc.krafton.com/esports-legacy/upload/T_GAME_TEAM_PLAYER/20220922/1091a9a1aec3f2ee_202209221727240831.png,pubg_players\images\942.png,Circus Crew,PUBG EMEA Championship: Fall,9.1,0.86,242.02,20:32,"[{""year"": 2025, ""team"": ""Circus Crew""}, {""year"": 2022, ""team"": ""Austrian Force""}]",https://pubgesports.com/vi/players/942
945,MiracU,Justin McNally,-,https://wstatic-prod-boc.krafton.com/esports-legacy/upload/T_GAME_TEAM_PLAYER/20220923/1e8a5ac8fe2223ab_202209231039545061.png,pubg_players\images\945.png,FUT Esports,PUBG EMEA Championship: Fall,,,,-,"[{""year"": 2025, ""team"": ""FUT Esports""}, {""year"": 2024, ""team"": ""FUT Esports""}, {""year"": 2023, ""team"": ""TURKIYE""}, {""year"": 2022, ""team"": ""Fella's""}, {""year"": 2021, ""team"": ""TSM FTX""}, {""year"": 2020, ""team"": ""TSM FTX""}]",https://pubgesports.com/vi/players/945
946,mykLe,Michael Wake,United Kingdom,https://wstatic-prod-boc.krafton.com/common/player/20260622/BQbXsSw4/GBR_mykLe.png,pubg_players\images\946.png,UNITED KINGDOM,PUBG NATIONS CUP 2026,9.1,0.8,173.41,17:12,"[{""year"": 2026, ""team"": ""UNITED KINGDOM""}, {""year"": 2025, ""team"": ""Copenhagen Wolves""}, {""year"": 2025, ""team"": ""EMPIRE Gaming""}, {""year"": 2025, ""team"": ""Mission Ready International Alliance""}, {""year"": 2025, ""team"": ""UNITED KINGDOM""}, {""year"": 2024, ""team"": ""Friendly Fire""}, {""year"": 2024, ""team"": ""Paragon""}, {""year"": 2024, ""team"": ""UNITED KINGDOM""}, {""year"": 2023, ""team"": ""BBL Esports""}, {""year"": 2022, ""team"": ""Fella's""}, {""year"": 2022, ""team"": ""UNITED KINGDOM""}, {""year"": 2021, ""team"": ""team Veritas""}, {""year"": 2020, ""team"": ""Redline""}, {""year"": 2020, ""team"": ""team Veritas""}]",https://pubgesports.com/vi/players/946
949,K4pii,Kacper Ferdynus,Poland,https://wstatic-prod-boc.krafton.com/common/player/20250718/T5eRat3y/k4pii.png,pubg_players\images\949.png,FUT Esports,PUBG EMEA Championship: Fall,9.1,0.88,172.77,20:02,"[{""year"": 2025, ""team"": ""FUT Esports""}, {""year"": 2025, ""team"": ""POLAND""}, {""year"": 2022, ""team"": ""Polish Power""}]",https://pubgesports.com/vi/players/949
952,Feyerist,Anton Dutchak,-,https://wstatic-prod-boc.krafton.com/common/player/20260804/jfPyzPMC/NAVI_Feyerist.png,pubg_players\images\952.png,Natus Vincere,2026 PUBG Global Series 7,9.2,1.09,207.36,19:23,"[{""year"": 2026, ""team"": ""Natus Vincere""}, {""year"": 2026, ""team"": ""UKRAINE""}, {""year"": 2025, ""team"": ""Natus Vincere""}, {""year"": 2025, ""team"": ""NAVI""}, {""year"": 2024, ""team"": ""Natus Vincere""}, {""year"": 2023, ""team"": ""Exalt""}, {""year"": 2023, ""team"": ""NATUS VINCERE""}, {""year"": 2022, ""team"": ""team Exalt""}]",https://pubgesports.com/vi/players/952
955,Nailqop13,Nail Alaattin,Türkiye,https://wstatic-prod-boc.krafton.com/common/player/20250719/U3V1peLb/nailqop.png,pubg_players\images\955.png,Bushido,PUBG EMEA Championship: Fall,6.9,1.0,183.9,21:22,"[{""year"": 2025, ""team"": ""Bushido""}, {""year"": 2025, ""team"": ""Türkiye""}, {""year"": 2024, ""team"": ""Stardust""}, {""year"": 2022, ""team"": ""FUT Esports""}, {""year"": 2022, ""team"": ""STARDUST""}]",https://pubgesports.com/vi/players/955
956,Metebey,Metehan Avci,Türkiye,https://wstatic-prod-boc.krafton.com/common/player/20260622/btOBxnXL/TUR_Metebey.png,pubg_players\images\956.png,TURKIYE,PUBG NATIONS CUP 2026,8.2,1.12,234.17,18:40,"[{""year"": 2026, ""team"": ""TURKIYE""}, {""year"": 2025, ""team"": ""Bushido""}, {""year"": 2024, ""team"": ""Stardust""}, {""year"": 2023, ""team"": ""Yeppa Esports""}, {""year"": 2022, ""team"": ""REGNUM CARYA ESPORTS""}, {""year"": 2022, ""team"": ""STARDUST""}]",https://pubgesports.com/vi/players/956
957,Celtik,Melih Çeltikoğlu,-,https://wstatic-prod-boc.krafton.com/common/player/20260622/xllqJUKB/TUR_Celtik.png,pubg_players\images\957.png,TURKIYE,PUBG NATIONS CUP 2026,8.2,0.48,145.64,17:36,"[{""year"": 2026, ""team"": ""TURKIYE""}, {""year"": 2025, ""team"": ""Bushido""}, {""year"": 2024, ""team"": ""PERA ESPORTS""}, {""year"": 2024, ""team"": ""Sticky Gummies""}, {""year"": 2023, ""team"": ""PCIFIC Esports""}, {""year"": 2022, ""team"": ""STARDUST""}]",https://pubgesports.com/vi/players/957
959,BAOLAND,Chengzhuo Jing,China,https://wstatic-prod-boc.krafton.com/common/player/20241120/veczJ0F3/new17.png,pubg_players\images\959.png,WEIBO GAMING,2025 PUBG Champions League Autumn,,,,-,"[{""year"": 2025, ""team"": ""WEIBO GAMING""}, {""year"": 2024, ""team"": ""17Gaming""}]",https://pubgesports.com/vi/players/959
961,SoseD,Serhii Zubkov,-,https://wstatic-prod-boc.krafton.com/common/player/20260804/agUHcpNY/NMSS_SoseD.png,pubg_players\images\961.png,Team Nemesis,2026 PUBG Global Series 7,8.1,1.55,296.08,20:18,"[{""year"": 2026, ""team"": ""Team Nemesis""}, {""year"": 2025, ""team"": ""Natus Vincere""}, {""year"": 2025, ""team"": ""NAVI""}, {""year"": 2024, ""team"": ""Natus Vincere""}, {""year"": 2023, ""team"": ""Solo""}, {""year"": 2023, ""team"": ""We Live Again""}]",https://pubgesports.com/vi/players/961
964,J4M,Levente Tibor Szabó,-,https://wstatic-prod-boc.krafton.com/common/player/20251011/s9S5zDb8/qadj4m.png,pubg_players\images\964.png,AlQadsiah,PUBG Global Series 9,10.3,0.33,65.18,13:39,"[{""year"": 2025, ""team"": ""AlQadsiah""}, {""year"": 2024, ""team"": ""Aces Crew""}, {""year"": 2023, ""team"": ""AfterAlt""}]",https://pubgesports.com/vi/players/964
975,BatulinS,Aleksandr Batulin,-,https://wstatic-prod-boc.krafton.com/common/player/20260804/cRc5LGOi/TWIS_BatulinS.png,pubg_players\images\975.png,Twisted Minds,2026 PUBG Global Series 7,8.2,1.0,164.08,19:43,"[{""year"": 2026, ""team"": ""NEUTRAL TEAM""}, {""year"": 2026, ""team"": ""Twisted Minds""}, {""year"": 2025, ""team"": ""Twisted Minds""}, {""year"": 2024, ""team"": ""Twisted Minds""}, {""year"": 2023, ""team"": ""Twisted Minds""}, {""year"": 2022, ""team"": ""Northern Lights team""}, {""year"": 2022, ""team"": ""Twisted Minds""}, {""year"": 2021, ""team"": ""Virtus pro""}, {""year"": 2021, ""team"": ""Virtuspro""}, {""year"": 2020, ""team"": ""Northern Lights team""}]",https://pubgesports.com/vi/players/975
976,Lu,Kirill Lukianov,-,https://wstatic-prod-boc.krafton.com/common/player/20260804/KgbudtYv/TWIS_Lu.png,pubg_players\images\976.png,Twisted Minds,2026 PUBG Global Series 7,8.2,0.73,165.67,18:22,"[{""year"": 2026, ""team"": ""NEUTRAL TEAM""}, {""year"": 2026, ""team"": ""Twisted Minds""}, {""year"": 2025, ""team"": ""Twisted Minds""}, {""year"": 2024, ""team"": ""Twisted Minds""}, {""year"": 2023, ""team"": ""Twisted Minds""}, {""year"": 2022, ""team"": ""Northern Lights team""}, {""year"": 2022, ""team"": ""Twisted Minds""}, {""year"": 2021, ""team"": ""Virtus pro""}, {""year"": 2021, ""team"": ""Virtuspro""}, {""year"": 2020, ""team"": ""Northern Lights team""}]",https://pubgesports.com/vi/players/976
977,Perfect1ks,Dmytro Dubeniuk,-,https://wstatic-prod-boc.krafton.com/common/player/20260804/CVwEJVEC/TWIS_Perfect1ks.png,pubg_players\images\977.png,Twisted Minds,2026 PUBG Global Series 7,8.2,1.0,243.94,18:30,"[{""year"": 2026, ""team"": ""Twisted Minds""}, {""year"": 2025, ""team"": ""Twisted Minds""}, {""year"": 2024, ""team"": ""Twisted Minds""}, {""year"": 2023, ""team"": ""Twisted Minds""}, {""year"": 2022, ""team"": ""Northern Lights team""}, {""year"": 2022, ""team"": ""Twisted Minds""}, {""year"": 2021, ""team"": ""Virtus pro""}, {""year"": 2021, ""team"": ""Virtuspro""}, {""year"": 2020, ""team"": ""Northern Lights team""}]",https://pubgesports.com/vi/players/977
978,spyrro,Yaroslav Kuvichko,-,https://wstatic-prod-boc.krafton.com/common/player/20260804/NN57yH51/NAVI_spyrro.png,pubg_players\images\978.png,Natus Vincere,2026 PUBG Global Series 7,9.2,0.91,205.41,17:16,"[{""year"": 2026, ""team"": ""Natus Vincere""}, {""year"": 2025, ""team"": ""Geekay Esports""}, {""year"": 2024, ""team"": ""BB Team""}, {""year"": 2023, ""team"": ""Twisted Minds""}, {""year"": 2022, ""team"": ""Northern Lights team""}, {""year"": 2022, ""team"": ""Twisted Minds""}, {""year"": 2021, ""team"": ""Virtus pro""}, {""year"": 2021, ""team"": ""Virtuspro""}, {""year"": 2020, ""team"": ""Northern Lights team""}]",https://pubgesports.com/vi/players/978
980,EZ4_33,ONUR ÖZDEMİR,-,https://wstatic-prod-boc.krafton.com/common/player/20241021/NZ5WGGkL/ez4.png,pubg_players\images\980.png,Eternal Fire,PUBG EMEA Championship: Fall,,,,-,"[{""year"": 2025, ""team"": ""Eternal Fire""}, {""year"": 2024, ""team"": ""ETERNAL FIRE""}, {""year"": 2024, ""team"": ""Orgless""}, {""year"": 2024, ""team"": ""TURKIYE""}, {""year"": 2021, ""team"": ""Galakticos""}]",https://pubgesports.com/vi/players/980
982,Lilghost,Shengjun Luo,China,https://wstatic-prod-boc.krafton.com/common/player/20260722/mgOFhcTC/17_Lilghost(1).png,pubg_players\images\982.png,17Gaming,2026 PUBG Global Series 7,6.9,0.82,186.8,19:06,"[{""year"": 2026, ""team"": ""17Gaming""}, {""year"": 2026, ""team"": ""CHINA""}, {""year"": 2025, ""team"": ""17Gaming""}, {""year"": 2025, ""team"": ""CHINA""}, {""year"": 2024, ""team"": ""17Gaming""}, {""year"": 2023, ""team"": ""17Gaming""}, {""year"": 2022, ""team"": ""17Gaming""}, {""year"": 2021, ""team"": ""17Gaming""}, {""year"": 2020, ""team"": ""Champion of Competition""}]",https://pubgesports.com/vi/players/982
988,777,Do Quoc Duy,-,https://wstatic-prod-boc.krafton.com/common/player/20241021/3NHeEIQN/777.png,pubg_players\images\988.png,TDT Esports,PGS APAC Qualifiers 2025 Phase 2,7.6,0.94,151.66,18:39,"[{""year"": 2025, ""team"": ""TDT Esports""}, {""year"": 2025, ""team"": ""The Expendables""}, {""year"": 2024, ""team"": ""The Expendables""}, {""year"": 2023, ""team"": ""The Expendables""}, {""year"": 2022, ""team"": ""The Expendables""}, {""year"": 2021, ""team"": ""The Expendables""}]",https://pubgesports.com/vi/players/988
1012,QWZYYY,Andrey Pobedinskiy,-,https://wstatic-prod-boc.krafton.com/common/player/20260317/sIEKxc8U/VIT_QWZYYY.png,pubg_players\images\1012.png,Team Vitality,2026 PUBG Global Series 7,9.2,0.91,112.08,17:58,"[{""year"": 2026, ""team"": ""Team Vitality""}, {""year"": 2025, ""team"": ""Geekay Esports""}, {""year"": 2024, ""team"": ""Last day""}, {""year"": 2024, ""team"": ""MadBulls""}, {""year"": 2024, ""team"": ""Virtus.pro""}, {""year"": 2020, ""team"": ""Tornado Energy""}]",https://pubgesports.com/vi/players/1012
1019,Art1_x,Artem Svyatoslavovich Todorenko,Ukraine,https://wstatic-prod-boc.krafton.com/common/player/20251011/tiTq7vdn/slamart1.png,pubg_players\images\1019.png,Team Orchid,PUBG Global Championship 2025,8.1,0.78,151.81,20:36,"[{""year"": 2025, ""team"": ""SLAMG""}, {""year"": 2025, ""team"": ""Team Orchid""}, {""year"": 2023, ""team"": ""Exalt""}, {""year"": 2022, ""team"": ""team Exalt""}]",https://pubgesports.com/vi/players/1019
1021,Jekzy,Jaka Saputra,Indonesia,https://wstatic-prod-boc.krafton.com/common/player/20260722/GkpvE6lW/SE_Jekzy.png,pubg_players\images\1021.png,Shadow Esport,ESPORTS WORLD CUP 2026,9.3,0.63,136.55,18:44,"[{""year"": 2026, ""team"": ""INDONESIA""}, {""year"": 2026, ""team"": ""Shadow Esports""}, {""year"": 2025, ""team"": ""ROY Esports""}, {""year"": 2025, ""team"": ""Shadow Esport""}, {""year"": 2023, ""team"": ""One Call""}, {""year"": 2020, ""team"": ""EAGLE 365 Esports""}]",https://pubgesports.com/vi/players/1021
1022,Kamalz,Kamaruddin,Indonesia,https://wstatic-prod.pubgesports.com/web/live/main_216c17e/img/21c48fd.png,pubg_players\images\1022.png,Shadow Esport,ESPORTS WORLD CUP 2026,9.3,0.67,133.16,18:24,"[{""year"": 2026, ""team"": ""Shadow Esports""}, {""year"": 2025, ""team"": ""Shadow Esport""}, {""year"": 2020, ""team"": ""Victim Rise""}]",https://pubgesports.com/vi/players/1022
1033,wo1f,Wolfgang Braun,United States of America,https://wstatic-prod.pubgesports.com/web/live/main_216c17e/img/21c48fd.png,pubg_players\images\1033.png,Yaho,PUBG Americas Series 6,,,,-,"[{""year"": 2025, ""team"": ""Yaho""}, {""year"": 2020, ""team"": ""Oath""}]",https://pubgesports.com/vi/players/1033
1050,Runax,Naoki Ichimasa,Japan,https://wstatic-prod-boc.krafton.com/common/player/20260622/mE0tcXyE/JPN_Runax.png,pubg_players\images\1050.png,JAPAN,PUBG NATIONS CUP 2026,10.8,,90.17,15:54,"[{""year"": 2026, ""team"": ""JAPAN""}, {""year"": 2025, ""team"": ""IrohaniPopetoSamuraiGaming""}, {""year"": 2024, ""team"": ""WhiteFish""}, {""year"": 2023, ""team"": ""JAPAN""}, {""year"": 2023, ""team"": ""SunSister""}]",https://pubgesports.com/vi/players/1050
1053,Feaven,Shota Ogiso,Japan,https://wstatic-prod-boc.krafton.com/common/player/20260622/yHRXxNKB/JPN_Feaven.png,pubg_players\images\1053.png,JAPAN,PUBG NATIONS CUP 2026,10.8,0.6,109.04,16:44,"[{""year"": 2026, ""team"": ""JAPAN""}, {""year"": 2025, ""team"": ""IrohaniPopetoSamuraiGaming""}, {""year"": 2025, ""team"": ""JAPAN""}, {""year"": 2024, ""team"": ""WhiteFish""}, {""year"": 2023, ""team"": ""SunSister""}]",https://pubgesports.com/vi/players/1053
1056,Flukky,Patsakorn Kitchalong,Thailand,https://wstatic-prod-boc.krafton.com/common/player/20260317/fBcHCpSG/T5_Flukky.png,pubg_players\images\1056.png,Theerathon Five,2026 PUBG Global Series 6,9.2,0.8,217.48,20:07,"[{""year"": 2026, ""team"": ""Theerathon Five""}, {""year"": 2025, ""team"": ""THAILAND""}, {""year"": 2025, ""team"": ""Theerathon Five""}, {""year"": 2024, ""team"": ""MAGnetic Thailand""}, {""year"": 2024, ""team"": ""THAILAND""}, {""year"": 2024, ""team"": ""Theerathon Five""}, {""year"": 2023, ""team"": ""Purple mood E-Sport""}]",https://pubgesports.com/vi/players/1056
1057,Thunderz,Thunnathon Tongthanachot,-,https://wstatic-prod-boc.krafton.com/common/player/20260804/7fLqljfd/SP_Thunderz.png,pubg_players\images\1057.png,Sharper Esports,2026 PUBG Global Series 7,11.7,,52.41,16:53,"[{""year"": 2026, ""team"": ""Sharper Esports""}, {""year"": 2025, ""team"": ""Sharper Esport""}, {""year"": 2025, ""team"": ""Sharper Esports""}, {""year"": 2024, ""team"": ""MAGnetic Thailand""}, {""year"": 2024, ""team"": ""TEM Entertainment""}, {""year"": 2023, ""team"": ""Purple mood E-Sport""}]",https://pubgesports.com/vi/players/1057
1061,Earthzapalui,Anusorn Saetiao,Thailand,https://wstatic-prod-boc.krafton.com/common/player/20260804/cOxop71D/SP_Earthzapalui.png,pubg_players\images\1061.png,Sharper Esports,2026 PUBG Global Series 7,11.7,0.5,121.78,18:23,"[{""year"": 2026, ""team"": ""Sharper Esports""}, {""year"": 2025, ""team"": ""Sharper Esport""}, {""year"": 2025, ""team"": ""Sharper Esports""}, {""year"": 2024, ""team"": ""Sharper Esport""}, {""year"": 2023, ""team"": ""QConfirm""}, {""year"": 2023, ""team"": ""Sharper Esports""}]",https://pubgesports.com/vi/players/1061
1062,OHPONDZ,Rattana Soontornpornnawin,Thailand,https://wstatic-prod-boc.krafton.com/common/player/20260804/8ehWRE4u/EA_OHPONDZ.png,pubg_players\images\1062.png,eArena,2026 PUBG Global Series 7,6.8,1.45,249.99,22:54,"[{""year"": 2026, ""team"": ""eArena""}, {""year"": 2025, ""team"": ""Armory Gaming""}, {""year"": 2025, ""team"": ""eArena""}, {""year"": 2024, ""team"": ""Qconfirm""}, {""year"": 2023, ""team"": ""QConfirm""}]",https://pubgesports.com/vi/players/1062
1063,Jdaii,Jiramate Ratwisanworakul,-,https://wstatic-prod-boc.krafton.com/common/player/20260804/gRP8WUsA/SP_Jdaii.png,pubg_players\images\1063.png,Sharper Esports,2026 PUBG Global Series 7,11.7,0.67,119.13,17:08,"[{""year"": 2026, ""team"": ""Sharper Esports""}, {""year"": 2025, ""team"": ""Sharper Esport""}, {""year"": 2025, ""team"": ""Sharper Esports""}, {""year"": 2024, ""team"": ""Qconfirm""}, {""year"": 2024, ""team"": ""Take Me Please""}, {""year"": 2023, ""team"": ""Attack All Around""}]",https://pubgesports.com/vi/players/1063
1066,Thanad0l,Thanadol Jutisuksant,Thailand,https://wstatic-prod-boc.krafton.com/common/player/20260804/J9QvFoEy/FS_Thanad0l.png,pubg_players\images\1066.png,FULL SENSE,2026 PUBG Global Series 7,7.0,1.91,286.51,22:17,"[{""year"": 2026, ""team"": ""FULL SENSE""}, {""year"": 2025, ""team"": ""Daytrade Gaming""}, {""year"": 2025, ""team"": ""FULL SENSE""}, {""year"": 2024, ""team"": ""Daytrade Gaming""}, {""year"": 2023, ""team"": ""THAILAND""}, {""year"": 2023, ""team"": ""THEERATHON FIVE""}]",https://pubgesports.com/vi/players/1066
1069,Delwyn,Cao Quang Nguyen,Vietnam,https://wstatic-prod-boc.krafton.com/common/player/20260722/5IoWbEjk/AL_Delwyn(1).png,pubg_players\images\1069.png,Anyone's Legend,2026 PUBG Global Series 7,9.0,0.5,169.15,18:34,"[{""year"": 2026, ""team"": ""AG.AL""}, {""year"": 2026, ""team"": ""Anyone's Legend""}, {""year"": 2026, ""team"": ""VIETNAM""}, {""year"": 2025, ""team"": ""The Expendables""}, {""year"": 2025, ""team"": ""VIETNAM""}, {""year"": 2024, ""team"": ""The Expendables""}, {""year"": 2023, ""team"": ""The Expendables""}]",https://pubgesports.com/vi/players/1069
1070,TanVuu,Tran Tan Vu,Vietnam,https://wstatic-prod-boc.krafton.com/common/player/20260722/avTMch8Y/TE_TanVuu(1).png,pubg_players\images\1070.png,GAM The Expendables,2026 PUBG Global Series 7,8.3,1.0,245.48,19:14,"[{""year"": 2026, ""team"": ""GAM Esports""}, {""year"": 2026, ""team"": ""GAM The Expendables""}, {""year"": 2026, ""team"": ""The Expendables""}, {""year"": 2026, ""team"": ""VIETNAM""}, {""year"": 2025, ""team"": ""The Expendables""}, {""year"": 2025, ""team"": ""VIETNAM""}, {""year"": 2024, ""team"": ""The Expendables""}, {""year"": 2023, ""team"": ""The Expendables""}]",https://pubgesports.com/vi/players/1070
1074,HoaiAnh,Dang Le Hoai Anh,Vietnam,https://wstatic-prod-boc.krafton.com/entry/player/20230512/nGM5t8ld.png,pubg_players\images\1074.png,NEW HOUSE ESPORTS,PGS APAC Qualifiers 2025 Phase 2,11.4,0.5,118.57,16:37,"[{""year"": 2025, ""team"": ""New House Esports""}, {""year"": 2025, ""team"": ""Unity Brothers""}, {""year"": 2023, ""team"": ""New House Esports""}, {""year"": 2023, ""team"": ""Phoenix Gaming""}]",https://pubgesports.com/vi/players/1074
1075,T1706,Dang Thanh Tai,-,https://wstatic-prod.pubgesports.com/web/live/main_216c17e/img/21c48fd.png,pubg_players\images\1075.png,NEW HOUSE ESPORTS,PGS APAC Qualifiers 2025 Phase 2,9.3,0.4,161.82,20:13,"[{""year"": 2025, ""team"": ""New House Esports""}, {""year"": 2025, ""team"": ""Unity Brothers""}, {""year"": 2023, ""team"": ""New House Esports""}]",https://pubgesports.com/vi/players/1075
1084,G0ni1,Ibuki Shibata,Japan,https://wstatic-prod-boc.krafton.com/common/player/20260622/9tr5zfIt/JPN_G0ni1.png,pubg_players\images\1084.png,JAPAN,PUBG NATIONS CUP 2026,10.8,0.8,129.85,17:18,"[{""year"": 2026, ""team"": ""JAPAN""}, {""year"": 2025, ""team"": ""IrohaniPopetoSamuraiGaming""}, {""year"": 2025, ""team"": ""JAPAN""}, {""year"": 2023, ""team"": ""AREA310 Rascal Jester""}]",https://pubgesports.com/vi/players/1084
1096,BaiLongMax,Yuan Liang,China,https://wstatic-prod-boc.krafton.com/entry/player/20250321/8IqmBYvL.png,pubg_players\images\1096.png,EDWARD GAMING,2025 PUBG Champions League Autumn,9.5,0.78,149.99,19:26,"[{""year"": 2025, ""team"": ""EDWARD GAMING""}, {""year"": 2025, ""team"": ""TYLOO""}, {""year"": 2024, ""team"": ""Chosen Clique Gaming""}, {""year"": 2023, ""team"": ""Chosen Clique Gaming""}]",https://pubgesports.com/vi/players/1096
1101,Komi,Zhang Tao,China,https://wstatic-prod-boc.krafton.com/entry/player/20230619/lCP5JBCx.png,pubg_players\images\1101.png,LvErGaming,Douyu & Huya Summit,7.5,0.75,143.57,19:52,"[{""year"": 2025, ""team"": ""LvErGaming""}, {""year"": 2024, ""team"": ""Team ShuangXi""}, {""year"": 2023, ""team"": ""Special Troops Gaming""}]",https://pubgesports.com/vi/players/1101
1104,SpaceMan,Yuhang Xiao,China,https://wstatic-prod-boc.krafton.com/common/player/20260722/a8AJ0VLB/4AM_Spaceman(1).png,pubg_players\images\1104.png,FOUR ANGRY MEN,2026 PUBG Global Series 7,9.5,1.55,211.9,19:02,"[{""year"": 2026, ""team"": ""CHINA""}, {""year"": 2026, ""team"": ""FOUR ANGRY MEN""}, {""year"": 2025, ""team"": ""JDG Esports""}, {""year"": 2025, ""team"": ""TAI KU LE""}, {""year"": 2025, ""team"": ""Too Cool""}, {""year"": 2024, ""team"": ""DD Team""}, {""year"": 2024, ""team"": ""Weibo Gaming""}, {""year"": 2023, ""team"": ""DD Team""}]",https://pubgesports.com/vi/players/1104
1107,Cold119,Li Cuanyang,China,https://wstatic-prod-boc.krafton.com/common/player/20260317/aZePwkbc/JDG_Cold119.png,pubg_players\images\1107.png,JD Gaming,2026 PUBG Global Series 7,6.3,1.55,312.31,22:03,"[{""year"": 2026, ""team"": ""JD Gaming""}, {""year"": 2025, ""team"": ""JDG Esports""}, {""year"": 2025, ""team"": ""TAI KU LE""}, {""year"": 2025, ""team"": ""Too Cool""}, {""year"": 2024, ""team"": ""DD Team""}, {""year"": 2024, ""team"": ""LGD-GAMING""}, {""year"": 2024, ""team"": ""Weibo Gaming""}, {""year"": 2023, ""team"": ""DD Team""}]",https://pubgesports.com/vi/players/1107
1109,DouMu,Jia Yechenyu,China,https://wstatic-prod-boc.krafton.com/entry/player/20230619/pgeBja2V.png,pubg_players\images\1109.png,Zhu Chao Gaming,2025 PUBG Champions League Autumn,,,,-,"[{""year"": 2025, ""team"": ""Zhu Chao Gaming""}, {""year"": 2023, ""team"": ""DD Team""}]",https://pubgesports.com/vi/players/1109
1110,XuanZi,Liu Ruxuan,China,https://wstatic-prod-boc.krafton.com/entry/player/20250321/0XqVIHKV.png,pubg_players\images\1110.png,Golden Quester Gaming,2025 PUBG Champions League Autumn,9.1,1.26,214.53,18:52,"[{""year"": 2025, ""team"": ""Golden Quester Gaming""}, {""year"": 2024, ""team"": ""HALOQUEEN""}, {""year"": 2024, ""team"": ""HALQUEEN""}, {""year"": 2023, ""team"": ""i7""}, {""year"": 2023, ""team"": ""i7 gaming""}]",https://pubgesports.com/vi/players/1110
1112,Me1Mei,He Jie,China,https://wstatic-prod-boc.krafton.com/entry/player/20250321/RbrslUrC.png,pubg_players\images\1112.png,Papillons Dangereux,Douyu & Huya Summit,11.6,0.39,86.71,16:09,"[{""year"": 2025, ""team"": ""Papillon Dangereux""}, {""year"": 2025, ""team"": ""Papillons Dangereux""}, {""year"": 2023, ""team"": ""i7""}]",https://pubgesports.com/vi/players/1112
1125,OneDragon,Lang Yilong,China,https://wstatic-prod-boc.krafton.com/common/player/20260804/9mtdhAgy/TYL_OneDragon.png,pubg_players\images\1125.png,TYLOO,2026 PUBG Global Series 7,8.5,0.67,170.67,19:15,"[{""year"": 2026, ""team"": ""TYLOO""}, {""year"": 2025, ""team"": ""Team Magic""}, {""year"": 2025, ""team"": ""TYLOO""}, {""year"": 2024, ""team"": ""PMA""}, {""year"": 2024, ""team"": ""TANG BAO BAO""}, {""year"": 2024, ""team"": ""Wolf Cave Gaming""}, {""year"": 2023, ""team"": ""Dream Set Sail""}, {""year"": 2023, ""team"": ""Soy Milk Squad""}]",https://pubgesports.com/vi/players/1125
1128,WenBo,Bowen Ma,China,https://wstatic-prod-boc.krafton.com/common/player/20260316/6y0UzLym/17_WenBo.png,pubg_players\images\1128.png,17Gaming,2026 PUBG Global Series 7,6.9,1.18,217.61,19:00,"[{""year"": 2026, ""team"": ""17Gaming""}, {""year"": 2025, ""team"": ""Change The Game""}, {""year"": 2024, ""team"": ""Special Troops Gaming""}, {""year"": 2023, ""team"": ""Ga Ga Chong""}]",https://pubgesports.com/vi/players/1128
1132,Dec12th,Wang Wei,China,https://wstatic-prod-boc.krafton.com/common/player/20260317/0ixISsvw/JDG_Dec12th.png,pubg_players\images\1132.png,JD Gaming,2026 PUBG Global Series 7,6.3,0.64,208.22,20:45,"[{""year"": 2026, ""team"": ""JD Gaming""}, {""year"": 2025, ""team"": ""JDG Esports""}, {""year"": 2025, ""team"": ""NewHappy Esports""}, {""year"": 2025, ""team"": ""NEWHAPPY-ESPORTS""}, {""year"": 2025, ""team"": ""NH-ESPORTS""}, {""year"": 2024, ""team"": ""NewHappy Esports""}, {""year"": 2024, ""team"": ""NH-Esports""}, {""year"": 2024, ""team"": ""TYLOO""}, {""year"": 2023, ""team"": ""NewHappy Esports""}, {""year"": 2023, ""team"": ""NH-ESPORTS""}]",https://pubgesports.com/vi/players/1132
1133,ZiLong,Zhao Sixie,China,https://wstatic-prod-boc.krafton.com/common/player/20250430/t6WMsrWb/zilong.png,pubg_players\images\1133.png,NEWHAPPY-ESPORTS,2025 PUBG Champions League Autumn,9.4,1.09,190.71,19:28,"[{""year"": 2025, ""team"": ""NewHappy Esports""}, {""year"": 2025, ""team"": ""NEWHAPPY-ESPORTS""}, {""year"": 2025, ""team"": ""NH-ESPORTS""}, {""year"": 2024, ""team"": ""NewHappy Esports""}, {""year"": 2024, ""team"": ""NH-Esports""}, {""year"": 2023, ""team"": ""NewHappy Esports""}, {""year"": 2023, ""team"": ""NH-ESPORTS""}]",https://pubgesports.com/vi/players/1133
1136,Inuyasha,Gu Ziwei,China,https://wstatic-prod-boc.krafton.com/common/player/20250430/jyafM1db/inuyasha.png,pubg_players\images\1136.png,NEWHAPPY-ESPORTS,2025 PUBG Champions League Autumn,9.4,0.94,171.08,19:16,"[{""year"": 2025, ""team"": ""NewHappy Esports""}, {""year"": 2025, ""team"": ""NEWHAPPY-ESPORTS""}, {""year"": 2025, ""team"": ""NH-ESPORTS""}, {""year"": 2024, ""team"": ""Tang BaoBao esports""}, {""year"": 2024, ""team"": ""TYLOO""}, {""year"": 2023, ""team"": ""Petrichor Road""}]",https://pubgesports.com/vi/players/1136
1137,FORGEN1337,Li Penglin,China,https://wstatic-prod.pubgesports.com/web/live/main_216c17e/img/21c48fd.png,pubg_players\images\1137.png,Soy Milk Squad,2025 PUBG Champions League Autumn,8.5,0.62,133.66,19:57,"[{""year"": 2025, ""team"": ""Soy Milk Squad""}, {""year"": 2023, ""team"": ""HaloQueen""}]",https://pubgesports.com/vi/players/1137
1139,Ta1ovo,Li Weijia,China,https://wstatic-prod-boc.krafton.com/common/player/20250430/QmvoWZSz/ta1ovo.png,pubg_players\images\1139.png,NEWHAPPY-ESPORTS,2025 PUBG Champions League Autumn,9.4,0.65,116.13,18:40,"[{""year"": 2025, ""team"": ""NEWHAPPY-ESPORTS""}, {""year"": 2025, ""team"": ""NH-ESPORTS""}, {""year"": 2025, ""team"": ""SOY MILK SQUAD""}, {""year"": 2024, ""team"": ""Jia Shan Gaming""}, {""year"": 2023, ""team"": ""HaloQueen""}]",https://pubgesports.com/vi/players/1139
1143,16KK,Fu Shengao,China,https://wstatic-prod-boc.krafton.com/common/player/20250430/U0RqA1Ik/16kk.png,pubg_players\images\1143.png,NEWHAPPY-ESPORTS,2025 PUBG Champions League Autumn,9.4,1.0,186.47,19:10,"[{""year"": 2025, ""team"": ""NewHappy Esports""}, {""year"": 2025, ""team"": ""NEWHAPPY-ESPORTS""}, {""year"": 2025, ""team"": ""NH-ESPORTS""}, {""year"": 2024, ""team"": ""Chosen Clique Gaming""}, {""year"": 2024, ""team"": ""Tang BaoBao esports""}, {""year"": 2023, ""team"": ""Shenzhen Midnight Gaming""}, {""year"": 2023, ""team"": ""Soy Milk Squad""}]",https://pubgesports.com/vi/players/1143
1146,LonelyDian,Lewis,China,https://wstatic-prod-boc.krafton.com/entry/player/20230619/oeWU9pmu.png,pubg_players\images\1146.png,The Chosen Youth,2025 PUBG Champions League Autumn,9.8,1.17,192.31,18:26,"[{""year"": 2025, ""team"": ""The Chosen Youth""}, {""year"": 2023, ""team"": ""Soy Milk Squad""}]",https://pubgesports.com/vi/players/1146
1149,SuiX1ngKK,Cui Heng,China,https://wstatic-prod-boc.krafton.com/common/player/20260317/dqlihnuI/CTG_SuiX1ngKK.png,pubg_players\images\1149.png,Change The Game,2026 PUBG Global Series 6,12.6,0.2,80.46,16:57,"[{""year"": 2026, ""team"": ""Change The Game""}, {""year"": 2025, ""team"": ""Zhu Chao Gaming""}, {""year"": 2024, ""team"": ""Jia Shan Gaming""}, {""year"": 2024, ""team"": ""Zhuchao Gaming""}, {""year"": 2023, ""team"": ""Soy Milk Squad""}, {""year"": 2023, ""team"": ""YanBianGaming""}]",https://pubgesports.com/vi/players/1149
1154,YinY,Liang Yin,China,https://wstatic-prod-boc.krafton.com/entry/player/20250321/41s6eGWA.png,pubg_players\images\1154.png,LvErGaming,2025 PUBG Champions League Autumn,11.8,0.33,97.39,17:29,"[{""year"": 2025, ""team"": ""Jian Rong Gaming""}, {""year"": 2025, ""team"": ""Lv Er Gaming""}, {""year"": 2024, ""team"": ""JianRong Gaming""}, {""year"": 2024, ""team"": ""Shenzhen Midnight Gaming""}, {""year"": 2023, ""team"": ""Shenzhen Midnight Gaming""}]",https://pubgesports.com/vi/players/1154
1158,Hhuixx7,Wu Wenlin,China,https://wstatic-prod-boc.krafton.com/entry/player/20250321/9V3Wx3D4.png,pubg_players\images\1158.png,WEIBO GAMING,2025 PUBG Champions League Autumn,8.0,0.67,128.24,20:23,"[{""year"": 2025, ""team"": ""Jian Rong Gaming""}, {""year"": 2025, ""team"": ""WEIBO GAMING""}, {""year"": 2024, ""team"": ""Jia Shan Gaming""}, {""year"": 2024, ""team"": ""JianRong Gaming""}, {""year"": 2023, ""team"": ""Nova""}, {""year"": 2023, ""team"": ""Zhuchao Gaming""}]",https://pubgesports.com/vi/players/1158
1160,CoCo,Li Zhilong,China,https://wstatic-prod-boc.krafton.com/entry/player/20250321/UK4gf7wA.png,pubg_players\images\1160.png,Zhu Chao Gaming,2025 PUBG Champions League Autumn,8.4,1.0,166.86,19:36,"[{""year"": 2025, ""team"": ""Chosen Clique Gaming""}, {""year"": 2025, ""team"": ""TYLOO""}, {""year"": 2025, ""team"": ""Zhu Chao Gaming""}, {""year"": 2024, ""team"": ""Change The Game""}, {""year"": 2023, ""team"": ""Change The Game""}]",https://pubgesports.com/vi/players/1160
1161,Tiantian,Haotian Zhan,China,https://wstatic-prod-boc.krafton.com/common/player/20260722/Hm2BcrDt/17_tiantianhaovo(1).png,pubg_players\images\1161.png,17Gaming,2026 PUBG Global Series 7,6.9,1.36,248.74,21:49,"[{""year"": 2026, ""team"": ""17Gaming""}, {""year"": 2026, ""team"": ""CHINA""}, {""year"": 2025, ""team"": ""Change The Game""}, {""year"": 2024, ""team"": ""Change The Game""}, {""year"": 2023, ""team"": ""Change The Game""}]",https://pubgesports.com/vi/players/1161
1163,RedA,Chang Wanhong,China,https://wstatic-prod-boc.krafton.com/entry/player/20250321/eMxzz2Ha.png,pubg_players\images\1163.png,Ninjas in Pyjamas,2025 PUBG Champions League Autumn,9.3,0.97,194.98,20:07,"[{""year"": 2025, ""team"": ""Game Start Win""}, {""year"": 2025, ""team"": ""Ninjas in Pyjamas""}, {""year"": 2024, ""team"": ""Game Start Win""}, {""year"": 2023, ""team"": ""Game start win""}]",https://pubgesports.com/vi/players/1163
1167,04NB,Yan Zhang,China,https://wstatic-prod-boc.krafton.com/common/player/20260316/OjZ8jDpD/PeRo_04NB.png,pubg_players\images\1167.png,Petrichor Road,2026 PUBG Global Series 7,7.7,1.36,180.27,21:02,"[{""year"": 2026, ""team"": ""Petrichor Road""}, {""year"": 2025, ""team"": ""Zhu Chao Gaming""}, {""year"": 2024, ""team"": ""Jia Shan Gaming""}, {""year"": 2023, ""team"": ""Dream Team""}, {""year"": 2023, ""team"": ""RainbowStyle""}]",https://pubgesports.com/vi/players/1167
1168,Xcircle,Yuan Zihan,China,https://wstatic-prod.pubgesports.com/web/live/main_216c17e/img/21c48fd.png,pubg_players\images\1168.png,Sunny,2026 PUBG Global Series 6,12.6,0.6,177.12,18:18,"[{""year"": 2026, ""team"": ""Change The Game""}, {""year"": 2025, ""team"": ""Sunny""}, {""year"": 2024, ""team"": ""Dream Team""}, {""year"": 2023, ""team"": ""Dream Team""}]",https://pubgesports.com/vi/players/1168
1170,Nirvana,Zhang Lin,China,https://wstatic-prod.pubgesports.com/web/live/main_216c17e/img/21c48fd.png,pubg_players\images\1170.png,Sunny,2025 PUBG Champions League Autumn,10.2,0.42,111.12,16:36,"[{""year"": 2025, ""team"": ""Sunny""}, {""year"": 2024, ""team"": ""Dream Team""}, {""year"": 2023, ""team"": ""Dream Team""}]",https://pubgesports.com/vi/players/1170
1182,DongDong,Deng Jindong,China,https://wstatic-prod-boc.krafton.com/entry/player/20250321/2UzC2dA2.png,pubg_players\images\1182.png,WEIBO GAMING,2025 PUBG Champions League Autumn,8.0,1.26,224.27,20:31,"[{""year"": 2025, ""team"": ""Ninjas in Pyjamas""}, {""year"": 2025, ""team"": ""WEIBO GAMING""}, {""year"": 2024, ""team"": ""Shenzhen Midnight Gaming""}, {""year"": 2024, ""team"": ""Wolf Cave Gaming""}, {""year"": 2023, ""team"": ""Wolf Cave Gaming""}]",https://pubgesports.com/vi/players/1182
1184,Ayang,Fan Gaoyang,China,https://wstatic-prod-boc.krafton.com/entry/player/20240418/8XvPBw6L.png,pubg_players\images\1184.png,Jian Rong Gaming,2025 PUBG Champions League Autumn,9.6,0.66,148.23,18:44,"[{""year"": 2025, ""team"": ""Jian Rong Gaming""}, {""year"": 2025, ""team"": ""LvErGaming""}, {""year"": 2024, ""team"": ""JianRong Gaming""}, {""year"": 2024, ""team"": ""Wolf Cave Gaming""}, {""year"": 2023, ""team"": ""Nova""}, {""year"": 2023, ""team"": ""Wolf Cave Gaming""}]",https://pubgesports.com/vi/players/1184
1188,zVini-_-,Vinicius Henrique Da Silva Garcia,Brazil,https://wstatic-prod-boc.krafton.com/entry/player/20230620/gpID1rf2.png,pubg_players\images\1188.png,NO WAY,PUBG Americas Series 6,12.5,0.46,125.08,14:46,"[{""year"": 2025, ""team"": ""NO WAY""}, {""year"": 2023, ""team"": ""100TETO""}]",https://pubgesports.com/vi/players/1188
1190,samcrofps,Henrique Rossini,-,https://wstatic-prod-boc.krafton.com/entry/player/20240319/wT291qu3.png,pubg_players\images\1190.png,NO WAY,PUBG Americas Series 6,12.5,0.5,108.04,15:02,"[{""year"": 2025, ""team"": ""+55 e-Sports""}, {""year"": 2025, ""team"": ""NO WAY""}, {""year"": 2025, ""team"": ""SAMCRISMO""}, {""year"": 2024, ""team"": ""eumais3""}, {""year"": 2024, ""team"": ""Future""}, {""year"": 2023, ""team"": ""100TETO""}]",https://pubgesports.com/vi/players/1190
1194,gabriehw,Gabriel Federici,-,https://wstatic-prod-boc.krafton.com/entry/player/20240319/TcPowMlF.png,pubg_players\images\1194.png,Potentially Dangerous,PUBG Americas Series 6,7.2,1.07,236.67,22:00,"[{""year"": 2025, ""team"": ""Potentially Dangerous""}, {""year"": 2024, ""team"": ""SPAM""}, {""year"": 2024, ""team"": ""Typhon Gaming""}, {""year"": 2023, ""team"": ""55 Esports""}]",https://pubgesports.com/vi/players/1194
1197,KerakTMz,Jhonny Alex Vieira Moura,-,https://wstatic-prod-boc.krafton.com/entry/player/20240319/sSSzcylR.png,pubg_players\images\1197.png,+55 e-Sports,PUBG Americas Series 6,7.8,0.83,178.26,20:37,"[{""year"": 2025, ""team"": ""+55 e-Sports""}, {""year"": 2024, ""team"": ""GameBeef""}, {""year"": 2024, ""team"": ""SPAM""}, {""year"": 2024, ""team"": ""Typhon Gaming""}, {""year"": 2023, ""team"": ""55 Esports""}]",https://pubgesports.com/vi/players/1197
1198,glock,Gabriel Solano Araujo do Santo,-,https://wstatic-prod-boc.krafton.com/entry/player/20240319/quHA2mmt.png,pubg_players\images\1198.png,Potentially Dangerous,PUBG Americas Series 6,7.2,1.1,231.75,22:29,"[{""year"": 2025, ""team"": ""Potentially Dangerous""}, {""year"": 2024, ""team"": ""55 E-sports""}, {""year"": 2024, ""team"": ""eumais3""}, {""year"": 2024, ""team"": ""Potentially Dangerous""}, {""year"": 2023, ""team"": ""Future""}]",https://pubgesports.com/vi/players/1198
1200,Shapp2k,Guilherme Nunes Oliveira,-,https://wstatic-prod-boc.krafton.com/entry/player/20240319/JBwNcAXD.png,pubg_players\images\1200.png,MAXWIN,PUBG Americas Series 6,10.5,0.46,164.61,18:56,"[{""year"": 2025, ""team"": ""MAXWIN""}, {""year"": 2024, ""team"": ""eumais3""}, {""year"": 2024, ""team"": ""Future""}, {""year"": 2023, ""team"": ""Future""}]",https://pubgesports.com/vi/players/1200
1201,slabyy,gustavo guntzel tomaz,-,https://wstatic-prod-boc.krafton.com/entry/player/20240319/PzHcma1q.png,pubg_players\images\1201.png,MAXWIN,PUBG Americas Series 6,,,,-,"[{""year"": 2025, ""team"": ""MAXWIN""}, {""year"": 2025, ""team"": ""Potentially Dangerous""}, {""year"": 2024, ""team"": ""55 E-sports""}, {""year"": 2024, ""team"": ""Potentially Dangerous""}, {""year"": 2023, ""team"": ""Future""}]",https://pubgesports.com/vi/players/1201
1202,Hiro-o,Guilherme Schneider Ramos,Brazil,https://wstatic-prod-boc.krafton.com/entry/player/20230620/gtwduz7H.png,pubg_players\images\1202.png,MAXWIN,PUBG Americas Series 6,10.5,0.58,144.47,18:21,"[{""year"": 2025, ""team"": ""MAXWIN""}, {""year"": 2023, ""team"": ""FUTURE""}]",https://pubgesports.com/vi/players/1202
1206,PRINCZ,Prince Dias Piva,Brazil,https://wstatic-prod-boc.krafton.com/entry/player/20230620/xJ0hwe5i.png,pubg_players\images\1206.png,Bonde do Galo,PUBG Americas Series 6,10.8,0.42,134.48,16:28,"[{""year"": 2025, ""team"": ""Bonde do Galo""}, {""year"": 2023, ""team"": ""oWo team""}]",https://pubgesports.com/vi/players/1206
1212,andriu,Andres Gomez,-,https://wstatic-prod.pubgesports.com/web/live/main_216c17e/img/21c48fd.png,pubg_players\images\1212.png,DEPORTIVO MERLO,PUBG Americas Series 6,9.5,0.79,188.63,18:01,"[{""year"": 2025, ""team"": ""DEPORTIVO MERLO""}, {""year"": 2025, ""team"": ""FireFly""}, {""year"": 2024, ""team"": ""BiciBandidos""}, {""year"": 2023, ""team"": ""FireFly""}, {""year"": 2023, ""team"": ""Yellow Jackets""}]",https://pubgesports.com/vi/players/1212
1213,ca1nn-,Caio Gomes dos Santos,-,https://wstatic-prod.pubgesports.com/web/live/main_216c17e/img/21c48fd.png,pubg_players\images\1213.png,YING YANG,PUBG Americas Series 6,7.6,0.63,194.37,22:26,"[{""year"": 2025, ""team"": ""FireFly""}, {""year"": 2025, ""team"": ""YING YANG""}, {""year"": 2023, ""team"": ""FireFly""}, {""year"": 2023, ""team"": ""Yellow Jackets""}]",https://pubgesports.com/vi/players/1213
1214,Japa,Francisco Iangaro de Oliveira Junior,-,https://wstatic-prod.pubgesports.com/web/live/main_216c17e/img/21c48fd.png,pubg_players\images\1214.png,YING YANG,PUBG Americas Series 6,7.6,1.07,293.48,21:29,"[{""year"": 2025, ""team"": ""FireFly""}, {""year"": 2025, ""team"": ""YING YANG""}, {""year"": 2023, ""team"": ""FireFly""}, {""year"": 2023, ""team"": ""Yellow Jackets""}]",https://pubgesports.com/vi/players/1214
1224,KEEGAN,Keegan Gruss,-,https://wstatic-prod-boc.krafton.com/entry/player/20240319/3cuDI6JE.png,pubg_players\images\1224.png,Gooners,PUBG Americas Series 6,,,,-,"[{""year"": 2025, ""team"": ""Gooners""}, {""year"": 2024, ""team"": ""Gatos Chicos""}, {""year"": 2024, ""team"": ""Tactical 8""}, {""year"": 2023, ""team"": ""Funny Business INC""}, {""year"": 2023, ""team"": ""SNEK""}]",https://pubgesports.com/vi/players/1224
1234,JoShY,Joshua Doucet,Canada,https://wstatic-prod-boc.krafton.com/common/player/20250723/ZThhuJKx/joshy.png,pubg_players\images\1234.png,PEST Control,PUBG Americas Series 6,8.9,0.71,152.85,20:05,"[{""year"": 2025, ""team"": ""CANADA""}, {""year"": 2025, ""team"": ""DOTS""}, {""year"": 2025, ""team"": ""PEST Control""}, {""year"": 2023, ""team"": ""Tilt Town""}]",https://pubgesports.com/vi/players/1234
1243,Cowboi,Colin Moosai,-,https://wstatic-prod-boc.krafton.com/common/player/20260722/vRQpoMwO/TL_Cowboi.png,pubg_players\images\1243.png,TEAM LIQUID,2026 PUBG Global Series 7,7.0,1.38,226.09,21:29,"[{""year"": 2026, ""team"": ""TEAM LIQUID""}, {""year"": 2026, ""team"": ""UNITED STATES""}, {""year"": 2025, ""team"": ""AlQadsiah""}, {""year"": 2024, ""team"": ""Spacestation Gaming""}, {""year"": 2024, ""team"": ""WuJuTu""}, {""year"": 2023, ""team"": ""Dragon Tiger Beryl Showdown""}, {""year"": 2023, ""team"": ""RATZ""}]",https://pubgesports.com/vi/players/1243
1244,xennny,Eric Vice,United States of America,https://wstatic-prod-boc.krafton.com/entry/player/20230620/M2F5Li4x.png,pubg_players\images\1244.png,WuJuTu,PUBG Americas Series 6,,,,-,"[{""year"": 2025, ""team"": ""WuJuTu""}, {""year"": 2024, ""team"": ""Tactical 8""}, {""year"": 2023, ""team"": ""Dragon Tiger Beryl Showdown""}]",https://pubgesports.com/vi/players/1244
1252,Luciid,Lewis Gilkes,-,https://wstatic-prod-boc.krafton.com/entry/player/20240319/YledDQSG.png,pubg_players\images\1252.png,WuJuTu,PUBG Americas Series 6,9.3,0.6,193.02,20:35,"[{""year"": 2025, ""team"": ""WuJuTu""}, {""year"": 2024, ""team"": ""Mercy Gaming""}, {""year"": 2023, ""team"": ""Mercy Gaming""}, {""year"": 2023, ""team"": ""What It Takes""}]",https://pubgesports.com/vi/players/1252
1253,SneakAttack,Matthew Buschick,-,https://wstatic-prod-boc.krafton.com/entry/player/20240319/yxzHk7wt.png,pubg_players\images\1253.png,WuJuTu,PUBG Americas Series 6,9.3,0.81,171.61,20:24,"[{""year"": 2025, ""team"": ""WuJuTu""}, {""year"": 2024, ""team"": ""Mercy Gaming""}, {""year"": 2024, ""team"": ""WuJuTu""}, {""year"": 2023, ""team"": ""Mercy Gaming""}, {""year"": 2023, ""team"": ""What It Takes""}]",https://pubgesports.com/vi/players/1253
1260,BATTL3X,Ahmed Al-Azzawi,-,https://wstatic-prod.pubgesports.com/web/live/main_216c17e/img/21c48fd.png,pubg_players\images\1260.png,PEST Control,PUBG Americas Series 6,8.9,1.04,203.46,18:56,"[{""year"": 2025, ""team"": ""PEST Control""}, {""year"": 2025, ""team"": ""Trained To Go""}, {""year"": 2023, ""team"": ""Tilt Town""}, {""year"": 2023, ""team"": ""Trained To Go""}]",https://pubgesports.com/vi/players/1260
1263,Heather,CHA JI HOON,Korea (the Republic of),https://wstatic-prod-boc.krafton.com/common/player/20260804/Us9cotef/T1_Heather.png,pubg_players\images\1263.png,T1,2026 PUBG Global Series 7,8.5,1.09,275.23,19:30,"[{""year"": 2026, ""team"": ""KOREA""}, {""year"": 2026, ""team"": ""T1""}, {""year"": 2025, ""team"": ""T1""}, {""year"": 2024, ""team"": ""KWANGDONG FREECS""}, {""year"": 2023, ""team"": ""KWANGDONG FREECS""}]",https://pubgesports.com/vi/players/1263
1266,GoNa,Hyunwoo Ji,Korea (the Republic of),https://wstatic-prod-boc.krafton.com/entry/player/20240319/30ffsV1U.png,pubg_players\images\1266.png,SUPERFECT Academy,2025 PUBG WEEKLY SERIES: Phase 2,9.6,0.74,134.96,19:00,"[{""year"": 2025, ""team"": ""e-sports FROM""}, {""year"": 2025, ""team"": ""SUPERFECT Academy""}, {""year"": 2024, ""team"": ""e-sports FROM""}, {""year"": 2024, ""team"": ""e-sports FROM DAEJEON""}, {""year"": 2023, ""team"": ""Eagle Owls""}]",https://pubgesports.com/vi/players/1266
1267,Minuda,leeminwoo,Korea (the Republic of),https://wstatic-prod-boc.krafton.com/entry/player/20240319/NKYjmHMT.png,pubg_players\images\1267.png,GOGOPUSH,2025 PUBG WEEKLY SERIES: Phase 2,8.7,0.85,161.86,19:53,"[{""year"": 2025, ""team"": ""GOGOPUSH""}, {""year"": 2025, ""team"": ""KX Gaming""}, {""year"": 2025, ""team"": ""SENTINEL""}, {""year"": 2024, ""team"": ""Dplus KIA""}, {""year"": 2024, ""team"": ""Sentinel""}, {""year"": 2023, ""team"": ""Dplus KIA""}]",https://pubgesports.com/vi/players/1267
1271,Xquad,Seonghyun Kwon,Korea (the Republic of),https://wstatic-prod-boc.krafton.com/entry/player/20240319/8q5JA99T.png,pubg_players\images\1271.png,Sentinel,2025 PUBG WEEKLY SERIES: Phase 2,8.5,0.8,187.94,20:07,"[{""year"": 2025, ""team"": ""Sentinel""}, {""year"": 2025, ""team"": ""SUPERFECT Academy""}, {""year"": 2024, ""team"": ""e-sports FROM""}, {""year"": 2024, ""team"": ""e-sports FROM DAEJEON""}, {""year"": 2023, ""team"": ""GOnGO Prince""}]",https://pubgesports.com/vi/players/1271
1273,Type,Jinwoo Lee,Korea (the Republic of),https://wstatic-prod-boc.krafton.com/common/player/20260804/xO1sGLA3/T1_Type.png,pubg_players\images\1273.png,T1,2026 PUBG Global Series 7,8.5,0.55,162.28,19:20,"[{""year"": 2026, ""team"": ""T1""}, {""year"": 2025, ""team"": ""T1""}, {""year"": 2024, ""team"": ""IFYOUMINE GAME PT""}, {""year"": 2024, ""team"": ""T1""}, {""year"": 2023, ""team"": ""IFYOUMINE GAME PT""}]",https://pubgesports.com/vi/players/1273
1274,Hush,Yunsu Yang,Korea (the Republic of),https://wstatic-prod-boc.krafton.com/entry/player/20240319/1onRBnmV.png,pubg_players\images\1274.png,Eagle Owls,2025 PUBG WEEKLY SERIES: Phase 2,9.1,1.26,196.46,20:18,"[{""year"": 2025, ""team"": ""Eagle Owls""}, {""year"": 2024, ""team"": ""IFYOUMINE GAME PT""}, {""year"": 2023, ""team"": ""IFYOUMINE GAME PT""}]",https://pubgesports.com/vi/players/1274
1275,DIEL,Jin Hyun Kim,Korea (the Republic of),https://wstatic-prod-boc.krafton.com/common/player/20260316/iaoUUXTV/DNS_DIEL.png,pubg_players\images\1275.png,DN SOOPers,2026 PUBG Global Series 7,11.2,0.33,110.2,16:22,"[{""year"": 2026, ""team"": ""DN SOOPers""}, {""year"": 2025, ""team"": ""DN FREECS""}, {""year"": 2024, ""team"": ""DANAWA ATTACK ZERO""}, {""year"": 2024, ""team"": ""Danawa e-sports""}, {""year"": 2023, ""team"": ""IFYOUMINE GAME PT""}]",https://pubgesports.com/vi/players/1275
1276,Hela,jaehyun Hwang,Korea (the Republic of),https://wstatic-prod.pubgesports.com/web/live/main_216c17e/img/21c48fd.png,pubg_players\images\1276.png,Divine,2025 PUBG WEEKLY SERIES: Phase 2,8.5,0.88,191.37,19:48,"[{""year"": 2025, ""team"": ""Divine""}, {""year"": 2024, ""team"": ""AZLA PENTAGRAM""}, {""year"": 2024, ""team"": ""Divine tM""}, {""year"": 2023, ""team"": ""Divine tM""}, {""year"": 2023, ""team"": ""IFYOUMINE GAME PT""}]",https://pubgesports.com/vi/players/1276
1277,Right,Hyunbin Kim,Korea (the Republic of),https://wstatic-prod.pubgesports.com/web/live/main_216c17e/img/21c48fd.png,pubg_players\images\1277.png,GamDaSal,2025 PUBG WEEKLY SERIES: Phase 2,8.4,1.21,251.55,18:54,"[{""year"": 2025, ""team"": ""GamDasal""}, {""year"": 2024, ""team"": ""Carpediem""}, {""year"": 2023, ""team"": ""Kyungil Game Academy""}]",https://pubgesports.com/vi/players/1277
1278,Solution,SeungChan Park,Korea (the Republic of),https://wstatic-prod-boc.krafton.com/entry/player/20240319/HK9HrApL.png,pubg_players\images\1278.png,e-sports FROM,2025 PUBG WEEKLY SERIES: Phase 2,8.3,0.81,180.97,20:22,"[{""year"": 2025, ""team"": ""e-sports FROM""}, {""year"": 2024, ""team"": ""e-sports FROM""}, {""year"": 2024, ""team"": ""e-sports FROM DAEJEON""}, {""year"": 2023, ""team"": ""Kyungil Game Academy""}]",https://pubgesports.com/vi/players/1278
1279,Heat,Taeheon Kim,Korea (the Republic of),https://wstatic-prod-boc.krafton.com/common/player/20251011/fpgJSR2r/sgaheat.png,pubg_players\images\1279.png,SGA INCHEON,PUBG Global Series 10,6.7,0.5,111.94,18:31,"[{""year"": 2025, ""team"": ""SENTINEL""}, {""year"": 2025, ""team"": ""SGA INCHEON""}, {""year"": 2023, ""team"": ""Eagle Owls""}, {""year"": 2023, ""team"": ""Kyungil Game Academy""}]",https://pubgesports.com/vi/players/1279
1285,Nyeong,DaeNyeong Yu,Korea (the Republic of),https://wstatic-prod-boc.krafton.com/common/player/20250206/IbmtwCtL/nyeong.png,pubg_players\images\1285.png,SUPERFECT Academy,2025 PUBG WEEKLY SERIES: Phase 2,9.6,0.78,160.21,18:14,"[{""year"": 2025, ""team"": ""e-sports From""}, {""year"": 2025, ""team"": ""FN Pocheon""}, {""year"": 2025, ""team"": ""SUPERFECT Academy""}, {""year"": 2024, ""team"": ""GNL Esports""}, {""year"": 2023, ""team"": ""StormX Academy""}]",https://pubgesports.com/vi/players/1285
1289,D1D8X,MyungHwan Jang,Korea (the Republic of),https://wstatic-prod-boc.krafton.com/common/player/20251011/BxpcWsc3/sgad1d8x.png,pubg_players\images\1289.png,SGA INCHEON,PUBG Global Series 10,8.8,0.58,107.82,19:05,"[{""year"": 2025, ""team"": ""SGA INCHEON""}, {""year"": 2025, ""team"": ""SUPERFECT Academy""}, {""year"": 2024, ""team"": ""Eagle Owls""}, {""year"": 2024, ""team"": ""SUPERFECT Academy""}, {""year"": 2023, ""team"": ""UniClass""}]",https://pubgesports.com/vi/players/1289
1300,RiwZ,Pongsatorn Kreakirathithum,-,https://wstatic-prod-boc.krafton.com/common/player/20251011/4yPYg3Ir/bruriwz.png,pubg_players\images\1300.png,Buriram United Esports,PUBG Global Series 10,9.0,0.42,128.09,19:05,"[{""year"": 2025, ""team"": ""Buriram United Esports""}, {""year"": 2024, ""team"": ""Armory Gaming""}, {""year"": 2023, ""team"": ""Armory Gaming""}]",https://pubgesports.com/vi/players/1300
1301,ShanKs,Dontakon Lamool,-,https://wstatic-prod-boc.krafton.com/common/player/20240519/JUKJ6A6Z/shanks.png,pubg_players\images\1301.png,Armory Gaming,PGS APAC Qualifiers 2025 Phase 2,10.3,0.86,172.6,19:12,"[{""year"": 2025, ""team"": ""Armory Gaming""}, {""year"": 2024, ""team"": ""Armory Gaming""}, {""year"": 2023, ""team"": ""Armory Gaming""}]",https://pubgesports.com/vi/players/1301
1303,DimasTy,Setthawut Pula,-,https://wstatic-prod.pubgesports.com/web/live/main_216c17e/img/21c48fd.png,pubg_players\images\1303.png,Theerathon Five,2026 PUBG Global Series 6,9.2,0.6,117.13,20:24,"[{""year"": 2026, ""team"": ""Theerathon Five""}, {""year"": 2025, ""team"": ""Buriram United Esports""}, {""year"": 2024, ""team"": ""Armory Gaming""}, {""year"": 2024, ""team"": ""Buriram United Esports""}, {""year"": 2023, ""team"": ""Armory Gaming""}]",https://pubgesports.com/vi/players/1303
1304,J4ME,Jakkrawut Duangsri,-,https://wstatic-prod-boc.krafton.com/common/player/20240519/6nu6pP9j/j4me.png,pubg_players\images\1304.png,Iconic Esport,PGS APAC Qualifiers 2025 Phase 2,10.6,0.39,99.77,17:15,"[{""year"": 2025, ""team"": ""Iconic Esport""}, {""year"": 2025, ""team"": ""LOOKING FOR TEAM""}, {""year"": 2024, ""team"": ""Armory Gaming""}, {""year"": 2023, ""team"": ""Armory Gaming""}]",https://pubgesports.com/vi/players/1304
1305,PPmelly,Peeraphon Jiamsutjit,Thailand,https://wstatic-prod.pubgesports.com/web/live/main_216c17e/img/21c48fd.png,pubg_players\images\1305.png,Armory Gaming,PGS APAC Qualifiers 2025 Phase 2,,,,-,"[{""year"": 2025, ""team"": ""Armory Gaming""}, {""year"": 2024, ""team"": ""Buriram United Esports""}, {""year"": 2023, ""team"": ""Armory Gaming""}]",https://pubgesports.com/vi/players/1305
1309,Scappy,Panuwat Ing-on,Thailand,https://wstatic-prod-boc.krafton.com/common/player/20260804/v9j4QiWm/MiTH_Scappy.png,pubg_players\images\1309.png,Made in Thailand,2026 PUBG Global Series 7,9.5,1.0,217.47,16:59,"[{""year"": 2026, ""team"": ""Made in Thailand""}, {""year"": 2026, ""team"": ""MiTH""}, {""year"": 2026, ""team"": ""THAILAND""}, {""year"": 2025, ""team"": ""Forest Natural Gaming""}, {""year"": 2025, ""team"": ""Made in Thailand""}, {""year"": 2024, ""team"": ""Forest Natural Gaming""}, {""year"": 2023, ""team"": ""Forest Gaming""}]",https://pubgesports.com/vi/players/1309
1313,UNQ,Chaichan Thanuvutiwat,-,https://wstatic-prod-boc.krafton.com/common/player/20250122/U3YWHaUI/unq.png,pubg_players\images\1313.png,Armory Gaming,PGS APAC Qualifiers 2025 Phase 2,10.3,0.55,122.3,18:20,"[{""year"": 2025, ""team"": ""Armory Gaming""}, {""year"": 2025, ""team"": ""R8 Esports""}, {""year"": 2024, ""team"": ""Take Me Please""}, {""year"": 2024, ""team"": ""Valee Thai Esport""}, {""year"": 2024, ""team"": ""Valee Thai Esports""}, {""year"": 2023, ""team"": ""Valee Thai Esports""}]",https://pubgesports.com/vi/players/1313
1314,Choppers,Jiraphat Niramaitarworn,-,https://wstatic-prod.pubgesports.com/web/live/main_216c17e/img/21c48fd.png,pubg_players\images\1314.png,Iconic Esport,PGS APAC Qualifiers 2025 Phase 2,10.6,0.78,186.1,17:49,"[{""year"": 2025, ""team"": ""Iconic Esport""}, {""year"": 2025, ""team"": ""Take Me Please""}, {""year"": 2023, ""team"": ""Attack All Around""}, {""year"": 2023, ""team"": ""Valee Thai Esports""}]",https://pubgesports.com/vi/players/1314
1315,Megaa,Wethang Siriyanon,-,https://wstatic-prod-boc.krafton.com/common/player/20250122/NJpiIjKf/megvlos.png,pubg_players\images\1315.png,Iconic Esport,PGS APAC Qualifiers 2025 Phase 2,10.6,0.83,166.63,18:36,"[{""year"": 2025, ""team"": ""Iconic Esport""}, {""year"": 2025, ""team"": ""R8 Esports""}, {""year"": 2025, ""team"": ""Take Me Please""}, {""year"": 2024, ""team"": ""Take Me Please""}, {""year"": 2024, ""team"": ""Valee Thai Esport""}, {""year"": 2024, ""team"": ""Valee Thai Esports""}, {""year"": 2023, ""team"": ""Valee Thai Esports""}]",https://pubgesports.com/vi/players/1315
1316,TiGGER,Narathip Hongjanda,Thailand,https://wstatic-prod-boc.krafton.com/common/player/20260804/68WNJ05Z/FS_TiGGER.png,pubg_players\images\1316.png,FULL SENSE,ESPORTS WORLD CUP 2026,8.7,0.77,178.54,19:34,"[{""year"": 2026, ""team"": ""FULL SENSE""}, {""year"": 2026, ""team"": ""THAILAND""}, {""year"": 2025, ""team"": ""Daytrade Gaming""}, {""year"": 2025, ""team"": ""FULL SENSE""}, {""year"": 2024, ""team"": ""eArena""}, {""year"": 2023, ""team"": ""eArena""}, {""year"": 2023, ""team"": ""Valee Thai Esports""}]",https://pubgesports.com/vi/players/1316
1329,6789,Le Minh,-,https://wstatic-prod.pubgesports.com/web/live/main_216c17e/img/21c48fd.png,pubg_players\images\1329.png,WinD Esport,PGS APAC Qualifiers 2025 Phase 2,9.8,0.81,148.59,19:52,"[{""year"": 2025, ""team"": ""WinD Esport""}, {""year"": 2025, ""team"": ""WinD Gaming""}, {""year"": 2024, ""team"": ""Reluctant Squad""}, {""year"": 2024, ""team"": ""Unicorn Cyber Esports""}, {""year"": 2023, ""team"": ""Phoenix Gaming""}, {""year"": 2023, ""team"": ""RAP XIEC ESPORT""}]",https://pubgesports.com/vi/players/1329
1360,hyMIN,Kim Min Kyu,Korea (the Republic of),https://wstatic-prod.pubgesports.com/web/live/main_216c17e/img/21c48fd.png,pubg_players\images\1360.png,Sentinel,2025 PUBG WEEKLY SERIES: Phase 2,,,,-,"[{""year"": 2025, ""team"": ""Sentinel""}, {""year"": 2023, ""team"": ""ENTER FORCE.36""}]",https://pubgesports.com/vi/players/1360
1369,k1im,Klimklim Yakolev,Russia,https://wstatic-prod.pubgesports.com/web/live/main_216c17e/img/21c48fd.png,pubg_players\images\1369.png,Hands of Hope,PUBG EMEA Championship: Fall,,,,-,"[{""year"": 2025, ""team"": ""AfterAlt""}, {""year"": 2025, ""team"": ""Hands of Hope""}, {""year"": 2023, ""team"": ""AfterAlt""}]",https://pubgesports.com/vi/players/1369
1370,bombilovo,Gennadii Iakovlev,Russia,https://wstatic-prod.pubgesports.com/web/live/main_216c17e/img/21c48fd.png,pubg_players\images\1370.png,HYPEBEASTS,PUBG EMEA Championship: Fall,9.2,1.0,186.95,19:29,"[{""year"": 2025, ""team"": ""Fairy Tail""}, {""year"": 2025, ""team"": ""Hypebeasts & Co""}, {""year"": 2024, ""team"": ""Last day""}, {""year"": 2023, ""team"": ""Solo""}]",https://pubgesports.com/vi/players/1370
1378,DIFX,Vladyslav Nevykhozhyi,-,https://wstatic-prod-boc.krafton.com/common/player/20260804/PwR4mYzo/NMSS_DIFX.png,pubg_players\images\1378.png,Team Nemesis,2026 PUBG Global Series 7,8.1,0.55,243.68,19:36,"[{""year"": 2026, ""team"": ""Team Nemesis""}, {""year"": 2026, ""team"": ""UKRAINE""}, {""year"": 2025, ""team"": ""Geekay Esports""}, {""year"": 2024, ""team"": ""Natus Vincere""}, {""year"": 2023, ""team"": ""Nonames""}, {""year"": 2023, ""team"": ""the Woo""}]",https://pubgesports.com/vi/players/1378
1379,SL0YJACKET,Hetman Maksym Oleksandrovich,-,https://wstatic-prod.pubgesports.com/web/live/main_216c17e/img/21c48fd.png,pubg_players\images\1379.png,Vorpal Swords,PUBG EMEA Championship: Fall,9.8,1.12,185.94,19:27,"[{""year"": 2025, ""team"": ""Vorpal Swords""}, {""year"": 2024, ""team"": ""LULUWU""}, {""year"": 2024, ""team"": ""LULW""}, {""year"": 2023, ""team"": ""Nonames""}]",https://pubgesports.com/vi/players/1379
1383,xLurex,Lyubaev Mikhail Evgenievich,-,https://wstatic-prod-boc.krafton.com/common/player/20251011/kzGFGo4g/slamxlurex.png,pubg_players\images\1383.png,Team Orchid,PUBG Global Championship 2025,8.1,0.69,204.02,21:55,"[{""year"": 2025, ""team"": ""SLAMG""}, {""year"": 2025, ""team"": ""Team Orchid""}, {""year"": 2024, ""team"": ""LULUWU""}, {""year"": 2024, ""team"": ""LULW""}, {""year"": 2023, ""team"": ""LULUWU""}]",https://pubgesports.com/vi/players/1383
1385,MouZe,Matias Riissanen,Finland,https://wstatic-prod.pubgesports.com/web/live/main_216c17e/img/21c48fd.png,pubg_players\images\1385.png,Kitchen,PUBG EMEA Championship: Fall,12.0,0.29,123.87,15:48,"[{""year"": 2025, ""team"": ""kitchen""}, {""year"": 2023, ""team"": ""Monarch Esports""}]",https://pubgesports.com/vi/players/1385
1392,Voldemon,Çağatay Yiğenoğlu,Türkiye,https://wstatic-prod.pubgesports.com/web/live/main_216c17e/img/21c48fd.png,pubg_players\images\1392.png,Respawn,PUBG EMEA Championship: Fall,12.0,0.56,105.79,16:13,"[{""year"": 2025, ""team"": ""Respawn""}, {""year"": 2024, ""team"": ""BBL Esports""}, {""year"": 2024, ""team"": ""Quantum Realm""}, {""year"": 2023, ""team"": ""PCIFIC Esports""}, {""year"": 2023, ""team"": ""Yeppa Esports""}]",https://pubgesports.com/vi/players/1392
1394,Shiplest,Gorkem Kabalakli,Türkiye,https://wstatic-prod.pubgesports.com/web/live/main_216c17e/img/21c48fd.png,pubg_players\images\1394.png,010 Esports,PUBG EMEA Championship: Fall,,,,-,"[{""year"": 2025, ""team"": ""010 Esports""}, {""year"": 2025, ""team"": ""DONT PANIC""}, {""year"": 2024, ""team"": ""KIZIL ELMA""}, {""year"": 2024, ""team"": ""Quantum Realm""}, {""year"": 2023, ""team"": ""NESA ESPORTS""}, {""year"": 2023, ""team"": ""Smoke Wall""}]",https://pubgesports.com/vi/players/1394
1397,BARON,Muhammet Furkan Karadeniz,Türkiye,https://wstatic-prod-boc.krafton.com/common/player/20260317/qilSQg3T/S2G_BARON.png,pubg_players\images\1397.png,S2G Esports,2026 PUBG Global Series 6,9.8,0.2,124.85,17:34,"[{""year"": 2026, ""team"": ""S2G Esports""}, {""year"": 2025, ""team"": ""Respawn""}, {""year"": 2024, ""team"": ""BBL Esports""}, {""year"": 2024, ""team"": ""PERA ESPORTS""}, {""year"": 2024, ""team"": ""Sticky Gummies""}, {""year"": 2023, ""team"": ""Sarvem Esports""}]",https://pubgesports.com/vi/players/1397
1398,Globalarmy,Harun Ağar,Türkiye,https://wstatic-prod.pubgesports.com/web/live/main_216c17e/img/21c48fd.png,pubg_players\images\1398.png,010 Esports,PUBG EMEA Championship: Fall,9.9,0.79,201.54,18:18,"[{""year"": 2025, ""team"": ""010 Esports""}, {""year"": 2025, ""team"": ""DONT PANIC""}, {""year"": 2024, ""team"": ""Orgless""}, {""year"": 2024, ""team"": ""Quantum Realm""}, {""year"": 2023, ""team"": ""Sarvem Esports""}]",https://pubgesports.com/vi/players/1398
1399,CCINEXT,Tolga Eroğlu,Türkiye,https://wstatic-prod-boc.krafton.com/common/player/20260317/t7hwbLnt/S2G_CCINEXT.png,pubg_players\images\1399.png,S2G Esports,2026 PUBG Global Series 4,,,,-,"[{""year"": 2026, ""team"": ""S2G Esports""}, {""year"": 2025, ""team"": ""010 Esports""}, {""year"": 2025, ""team"": ""DONT PANIC""}, {""year"": 2024, ""team"": ""BBL Esports""}, {""year"": 2024, ""team"": ""Orgless""}, {""year"": 2023, ""team"": ""Sarvem Esports""}]",https://pubgesports.com/vi/players/1399
1400,Shilla,Mert Hatip İşin,Türkiye,https://wstatic-prod-boc.krafton.com/common/player/20260622/v7RfajT5/TUR_Shilla.png,pubg_players\images\1400.png,TURKIYE,PUBG NATIONS CUP 2026,8.2,1.32,267.44,18:34,"[{""year"": 2026, ""team"": ""S2G Esports""}, {""year"": 2026, ""team"": ""TURKIYE""}, {""year"": 2025, ""team"": ""DONT PANIC""}, {""year"": 2025, ""team"": ""Eternal Fire""}, {""year"": 2025, ""team"": ""Türkiye""}, {""year"": 2024, ""team"": ""BBL Esports""}, {""year"": 2023, ""team"": ""Sarvem Esports""}]",https://pubgesports.com/vi/players/1400
1403,SAyFoo,mohammed seifdine,-,https://wstatic-prod-boc.krafton.com/entry/player/20240319/126kKF2U.png,pubg_players\images\1403.png,WuJuTu,PUBG Americas Series 6,9.3,1.21,205.49,20:14,"[{""year"": 2025, ""team"": ""4PUSHMEN""}, {""year"": 2025, ""team"": ""GROVE STREET""}, {""year"": 2025, ""team"": ""WuJuTu""}, {""year"": 2024, ""team"": ""Mercy Gaming""}, {""year"": 2024, ""team"": ""WuJuTu""}, {""year"": 2023, ""team"": ""Aces""}, {""year"": 2023, ""team"": ""Mercy Gaming""}]",https://pubgesports.com/vi/players/1403
1404,Sparta,Ghaith Taboubi,-,https://wstatic-prod-boc.krafton.com/common/player/20250609/dvlhF47e/sparta.png,pubg_players\images\1404.png,The Myth of,PUBG EMEA Championship: Fall,9.9,0.38,163.01,19:13,"[{""year"": 2025, ""team"": ""The Myht Of""}, {""year"": 2025, ""team"": ""The Myth Of""}, {""year"": 2024, ""team"": ""Any Trolls in Chat""}, {""year"": 2024, ""team"": ""Take Risk""}, {""year"": 2023, ""team"": ""Aces""}, {""year"": 2023, ""team"": ""Tilt Town""}]",https://pubgesports.com/vi/players/1404
1405,Hikken,Gorkem Kabalakli,Tunisia,https://wstatic-prod.pubgesports.com/web/live/main_216c17e/img/21c48fd.png,pubg_players\images\1405.png,010 Esports,PUBG EMEA Championship: Fall,,,,-,"[{""year"": 2025, ""team"": ""010 Esports""}, {""year"": 2025, ""team"": ""The Myth of""}, {""year"": 2023, ""team"": ""Aces""}, {""year"": 2023, ""team"": ""GERMANY""}]",https://pubgesports.com/vi/players/1405
1409,Unforgiven,"Tejasvi, Vashist",India,https://wstatic-prod-boc.krafton.com/common/player/20260622/VKfQ8ydK/IND_Unforgiven.png,pubg_players\images\1409.png,INDIA,PUBG NATIONS CUP 2026,10.7,0.5,68.24,17:55,"[{""year"": 2026, ""team"": ""INDIA""}, {""year"": 2023, ""team"": ""INDIA""}]",https://pubgesports.com/vi/players/1409
1410,Trnsluc3nt,"Hemang Singh, Chandel",India,https://wstatic-prod-boc.krafton.com/common/player/20260622/wj9CIBxk/IND_Trnsluc3nt.png,pubg_players\images\1410.png,INDIA,PUBG NATIONS CUP 2026,10.7,0.5,128.63,16:43,"[{""year"": 2026, ""team"": ""INDIA""}, {""year"": 2023, ""team"": ""INDIA""}]",https://pubgesports.com/vi/players/1410
1422,VenTus,Woosuk Choi,Korea (the Republic of),https://wstatic-prod-boc.krafton.com/entry/player/20230921/Fva1lR0Q.png,pubg_players\images\1422.png,IFYOUMINE GAME PT,2025 PUBG WEEKLY SERIES: Phase 2,7.9,0.72,190.66,19:48,"[{""year"": 2025, ""team"": ""IFYOUMINE GAME PT""}, {""year"": 2025, ""team"": ""SUPERFECT Academy""}, {""year"": 2024, ""team"": ""ABC""}, {""year"": 2024, ""team"": ""GameCoach Academy""}, {""year"": 2023, ""team"": ""Dplus KIA""}]",https://pubgesports.com/vi/players/1422
1425,Hyein,Seol HyeIn,Korea (the Republic of),https://wstatic-prod.pubgesports.com/web/live/main_216c17e/img/21c48fd.png,pubg_players\images\1425.png,Sentinel,2025 PUBG WEEKLY SERIES: Phase 2,8.5,0.7,152.35,19:33,"[{""year"": 2025, ""team"": ""Sentinel""}, {""year"": 2025, ""team"": ""Viper X""}, {""year"": 2024, ""team"": ""SENTINEL""}, {""year"": 2023, ""team"": ""Kyungil Game Academy""}]",https://pubgesports.com/vi/players/1425
1426,Zephyros,JeongYun Seong,Korea (the Republic of),https://wstatic-prod.pubgesports.com/web/live/main_216c17e/img/21c48fd.png,pubg_players\images\1426.png,SGA INCHEON,PUBG Global Series 10,8.8,0.33,116.31,17:37,"[{""year"": 2025, ""team"": ""SGA INCHEON""}, {""year"": 2024, ""team"": ""Aura""}, {""year"": 2024, ""team"": ""Eagle Owls""}, {""year"": 2023, ""team"": ""The Xuicide Xquad""}]",https://pubgesports.com/vi/players/1426
1430,KK0BUK,Jaehwang Sim,Korea (the Republic of),https://wstatic-prod-boc.krafton.com/entry/player/20230921/Cpicgjky.png,pubg_players\images\1430.png,GOGOPUSH,2025 PUBG WEEKLY SERIES: Phase 2,8.7,0.67,152.03,18:45,"[{""year"": 2025, ""team"": ""GOGOPUSH""}, {""year"": 2025, ""team"": ""SOOP CLAN""}, {""year"": 2023, ""team"": ""flawless""}]",https://pubgesports.com/vi/players/1430
1433,Daeyeon,Daeyeon Kim,Korea (the Republic of),https://wstatic-prod.pubgesports.com/web/live/main_216c17e/img/21c48fd.png,pubg_players\images\1433.png,Divine,2025 PUBG WEEKLY SERIES: Phase 2,8.5,1.02,198.92,21:03,"[{""year"": 2025, ""team"": ""Divine""}, {""year"": 2024, ""team"": ""Divine tM""}, {""year"": 2023, ""team"": ""Divine tM""}]",https://pubgesports.com/vi/players/1433
1434,Barpo,Minjae Kim,Korea (the Republic of),https://wstatic-prod-boc.krafton.com/entry/player/20240319/5LMXsC6V.png,pubg_players\images\1434.png,Divine,2025 PUBG WEEKLY SERIES: Phase 2,8.5,0.94,206.68,19:40,"[{""year"": 2025, ""team"": ""Divine""}, {""year"": 2024, ""team"": ""Gen.G""}, {""year"": 2024, ""team"": ""Gen.G Esports""}, {""year"": 2023, ""team"": ""Divine tM""}]",https://pubgesports.com/vi/players/1434
1440,D1feiQuq1,Zhang Yining,China,https://wstatic-prod-boc.krafton.com/entry/player/20240418/IgRhRUQx.png,pubg_players\images\1440.png,Jian Rong Gaming,2025 PUBG Champions League Autumn,9.6,0.64,146.64,19:19,"[{""year"": 2025, ""team"": ""Jian Rong Gaming""}, {""year"": 2025, ""team"": ""LvErGaming""}, {""year"": 2024, ""team"": ""TANG BAO BAO""}, {""year"": 2024, ""team"": ""Tang BaoBao esports""}, {""year"": 2024, ""team"": ""Weibo Gaming""}, {""year"": 2023, ""team"": ""Tang BaoBao esports""}]",https://pubgesports.com/vi/players/1440
1443,HangKK,Fu Hang,China,https://wstatic-prod-boc.krafton.com/entry/player/20250321/9mgcg6oV.png,pubg_players\images\1443.png,Jian Rong Gaming,2025 PUBG Champions League Autumn,9.6,0.84,169.65,19:18,"[{""year"": 2025, ""team"": ""Jian Rong Gaming""}, {""year"": 2024, ""team"": ""JianRong Gaming""}, {""year"": 2024, ""team"": ""TANG BAO BAO""}, {""year"": 2024, ""team"": ""Tang BaoBao esports""}, {""year"": 2023, ""team"": ""Tang BaoBao esports""}]",https://pubgesports.com/vi/players/1443
1444,SuZe,Lu NingQuan,China,https://wstatic-prod-boc.krafton.com/common/player/20260317/iV0j95VG/JDG_SuZe.png,pubg_players\images\1444.png,JD Gaming,2026 PUBG Global Series 7,6.3,0.55,216.22,22:58,"[{""year"": 2026, ""team"": ""JD Gaming""}, {""year"": 2025, ""team"": ""JDG Esports""}, {""year"": 2025, ""team"": ""TAI KU LE""}, {""year"": 2025, ""team"": ""Too Cool""}, {""year"": 2024, ""team"": ""Too Cool""}, {""year"": 2024, ""team"": ""ZHI KE""}, {""year"": 2023, ""team"": ""Sheng Yi Xin Long""}]",https://pubgesports.com/vi/players/1444
1455,6qisheng,Liu Qisheng,China,https://wstatic-prod-boc.krafton.com/entry/player/20250321/BYDXkcbo.png,pubg_players\images\1455.png,LvErGaming,2025 PUBG Champions League Autumn,12.2,0.17,81.49,17:08,"[{""year"": 2025, ""team"": ""Lv Er Gaming""}, {""year"": 2025, ""team"": ""On1y""}, {""year"": 2023, ""team"": ""DmX Team""}]",https://pubgesports.com/vi/players/1455
1458,ChuY,Liang Mingfei,China,https://wstatic-prod-boc.krafton.com/entry/player/20250321/ZoUH2MwP.png,pubg_players\images\1458.png,LvErGaming,2025 PUBG Champions League Autumn,9.7,0.58,117.05,17:45,"[{""year"": 2025, ""team"": ""Lv Er Gaming""}, {""year"": 2025, ""team"": ""Nirvana Gaming""}, {""year"": 2025, ""team"": ""ON1Y""}, {""year"": 2024, ""team"": ""ClashKarma""}, {""year"": 2024, ""team"": ""Dream Team""}, {""year"": 2023, ""team"": ""DmX Team""}]",https://pubgesports.com/vi/players/1458
1459,Dz6lin,Liao Aibin,China,https://wstatic-prod-boc.krafton.com/entry/player/20250321/XPr4nKkj.png,pubg_players\images\1459.png,Papillons Dangereux,Douyu & Huya Summit,,,,-,"[{""year"": 2025, ""team"": ""Papillon Dangereux""}, {""year"": 2025, ""team"": ""Papillons Dangereux""}, {""year"": 2023, ""team"": ""Dream Team""}]",https://pubgesports.com/vi/players/1459
1465,Haoskr,Yuhao Yang,-,https://wstatic-prod-boc.krafton.com/common/player/20260804/eWKgCVp3/TYL_HaoSkr.png,pubg_players\images\1465.png,TYLOO,2026 PUBG Global Series 7,8.5,0.83,88.84,18:06,"[{""year"": 2026, ""team"": ""TYLOO""}, {""year"": 2025, ""team"": ""HALOQUEEN""}, {""year"": 2025, ""team"": ""Team Magic""}, {""year"": 2024, ""team"": ""HALOQUEEN""}, {""year"": 2024, ""team"": ""HALQUEEN""}, {""year"": 2023, ""team"": ""HaloQueen""}]",https://pubgesports.com/vi/players/1465
1468,i26v6,Zeorwi Hwang,Korea (the Republic of),https://wstatic-prod-boc.krafton.com/common/player/20260316/qhypqbCL/PeRo_i26v6.png,pubg_players\images\1468.png,Petrichor Road,2026 PUBG Global Series 7,7.7,1.0,176.83,20:40,"[{""year"": 2026, ""team"": ""Petrichor Road""}, {""year"": 2025, ""team"": ""Jian Rong Gaming""}, {""year"": 2025, ""team"": ""Petrichor Road""}, {""year"": 2025, ""team"": ""Zhu Chao Gaming""}, {""year"": 2024, ""team"": ""Jia Shan Gaming""}, {""year"": 2024, ""team"": ""LGD""}, {""year"": 2024, ""team"": ""TYLOO""}, {""year"": 2023, ""team"": ""Game start win""}]",https://pubgesports.com/vi/players/1468
1476,Sunnys1deup,Seigo Endo,Japan,https://wstatic-prod-boc.krafton.com/common/player/20260622/FU6UnTH5/JPN_Sunnys1de-up.png,pubg_players\images\1476.png,JAPAN,PUBG NATIONS CUP 2026,10.8,0.5,80.99,16:52,"[{""year"": 2026, ""team"": ""JAPAN""}, {""year"": 2024, ""team"": ""UNLUCKY""}, {""year"": 2023, ""team"": ""UNLUCKY""}]",https://pubgesports.com/vi/players/1476
1519,Rain,Yu Hanxu,China,https://wstatic-prod-boc.krafton.com/entry/player/20250321/74KFAiHY.png,pubg_players\images\1519.png,Nirvana Gaming,2025 PUBG Champions League Autumn,8.6,0.94,145.16,18:37,"[{""year"": 2025, ""team"": ""085Gaming""}, {""year"": 2025, ""team"": ""Nirvana Gaming""}, {""year"": 2024, ""team"": ""Game Start Win""}, {""year"": 2024, ""team"": ""ZHI KE""}, {""year"": 2023, ""team"": ""Tang BaoBao esports""}]",https://pubgesports.com/vi/players/1519
1535,BadBoyy2k,Ghaith Al Shebani,-,https://wstatic-prod.pubgesports.com/web/live/main_216c17e/img/21c48fd.png,pubg_players\images\1535.png,The Myth of,PUBG EMEA Championship: Fall,9.8,0.7,208.94,20:14,"[{""year"": 2025, ""team"": ""The Myht Of""}, {""year"": 2023, ""team"": ""BadBoys""}]",https://pubgesports.com/vi/players/1535
1537,Nabat,Vladislav Nabatov,Russia,https://wstatic-prod-boc.krafton.com/common/player/20231007/nw11NwCj/nabat.png,pubg_players\images\1537.png,Hands of Hope,PUBG EMEA Championship: Fall,7.3,0.71,201.27,21:37,"[{""year"": 2025, ""team"": ""Hands of Hope""}, {""year"": 2024, ""team"": ""Vorpal Swords""}, {""year"": 2023, ""team"": ""Vorpal Swords""}]",https://pubgesports.com/vi/players/1537
1538,yxkrem,Dmitry Cherevko,Russia,https://wstatic-prod-boc.krafton.com/entry/player/20231007/El7Xiskg.png,pubg_players\images\1538.png,Vorpal Swords,PUBG EMEA Championship: Fall,,,,-,"[{""year"": 2025, ""team"": ""Vorpal Swords""}, {""year"": 2024, ""team"": ""Vorpal Swords""}, {""year"": 2023, ""team"": ""Vorpal Swords""}]",https://pubgesports.com/vi/players/1538
1539,xreyzer,Danila Popov,Russia,https://wstatic-prod-boc.krafton.com/entry/player/20231007/zEXeKb57.png,pubg_players\images\1539.png,Vorpal Swords,PUBG EMEA Championship: Fall,9.7,1.02,250.66,19:47,"[{""year"": 2025, ""team"": ""Vorpal Swords""}, {""year"": 2024, ""team"": ""Vorpal Swords""}, {""year"": 2023, ""team"": ""Vorpal Swords""}]",https://pubgesports.com/vi/players/1539
1540,Lev4nte,Tasenko Vladislav Maksimovich,-,https://wstatic-prod-boc.krafton.com/common/player/20260722/UtHxaPuD/VIT_Lev4nte(1).png,pubg_players\images\1540.png,Team Vitality,2026 PUBG Global Series 7,9.2,1.27,238.92,17:05,"[{""year"": 2026, ""team"": ""NEUTRAL TEAM""}, {""year"": 2026, ""team"": ""Team Vitality""}, {""year"": 2025, ""team"": ""Gaimin Gladiators""}, {""year"": 2025, ""team"": ""Nemiga Gaming""}, {""year"": 2025, ""team"": ""Winordie""}, {""year"": 2024, ""team"": ""Gaimin Gladiators""}, {""year"": 2023, ""team"": ""Pod Samolet""}]",https://pubgesports.com/vi/players/1540
1541,Hakatory,Vitalii Shaida,-,https://wstatic-prod-boc.krafton.com/common/player/20260804/CscKq6Tp/NAVI_Hakatory.png,pubg_players\images\1541.png,Natus Vincere,2026 PUBG Global Series 7,9.2,1.27,332.66,18:37,"[{""year"": 2026, ""team"": ""Natus Vincere""}, {""year"": 2026, ""team"": ""UKRAINE""}, {""year"": 2025, ""team"": ""Natus Vincere""}, {""year"": 2025, ""team"": ""NAVI""}, {""year"": 2024, ""team"": ""Natus Vincere""}, {""year"": 2023, ""team"": ""Pod Samolet""}]",https://pubgesports.com/vi/players/1541
1543,r0xxx,Aleksei Zhitenev,-,https://wstatic-prod.pubgesports.com/web/live/main_216c17e/img/21c48fd.png,pubg_players\images\1543.png,Hive,PUBG EMEA Championship: Fall,7.5,0.81,159.81,21:08,"[{""year"": 2025, ""team"": ""Gaimin Gladiators""}, {""year"": 2025, ""team"": ""HiVE""}, {""year"": 2024, ""team"": ""Gaimin Gladiators""}, {""year"": 2024, ""team"": ""Pod Samolet""}, {""year"": 2023, ""team"": ""Pod Samolet""}]",https://pubgesports.com/vi/players/1543
1546,MadNiqative,Vadim Lopatin,-,https://wstatic-prod.pubgesports.com/web/live/main_216c17e/img/21c48fd.png,pubg_players\images\1546.png,CRYNT,PUBG EMEA Championship: Fall,10.0,0.58,163.74,18:12,"[{""year"": 2025, ""team"": ""CRYNT""}, {""year"": 2025, ""team"": ""We Live Again""}, {""year"": 2023, ""team"": ""Happiness""}]",https://pubgesports.com/vi/players/1546
1557,Bunt,Hunter Galloway,-,https://wstatic-prod.pubgesports.com/web/live/main_216c17e/img/21c48fd.png,pubg_players\images\1557.png,Gooners,PUBG Americas Series 6,11.0,1.24,194.86,16:37,"[{""year"": 2025, ""team"": ""Gooners""}, {""year"": 2024, ""team"": ""Paragon""}, {""year"": 2023, ""team"": ""Funny Business INC""}]",https://pubgesports.com/vi/players/1557
1589,Maurilio,Maurilio Junior Brito Pires,-,https://wstatic-prod.pubgesports.com/web/live/main_216c17e/img/21c48fd.png,pubg_players\images\1589.png,Potentially Dangerous,PUBG Americas Series 6,,,,-,"[{""year"": 2025, ""team"": ""Potentially Dangerous""}, {""year"": 2024, ""team"": ""Potentially Dangerous""}, {""year"": 2023, ""team"": ""Future""}]",https://pubgesports.com/vi/players/1589
1608,sxntastico,Gabriel Figueiró da Silva,Brazil,https://wstatic-prod-boc.krafton.com/common/player/20250804/XC1FgYxD/sxntastico.png,pubg_players\images\1608.png,ROC Esports,PUBG Global Championship 2025,8.1,1.14,264.54,22:14,"[{""year"": 2025, ""team"": ""BRAZIL""}, {""year"": 2025, ""team"": ""ROC Esports""}, {""year"": 2025, ""team"": ""Working in Silence""}, {""year"": 2024, ""team"": ""Pichau""}, {""year"": 2024, ""team"": ""SUPERFECT ESPORTS ACADEMY""}, {""year"": 2023, ""team"": ""Al-Lienigenas""}]",https://pubgesports.com/vi/players/1608
1610,GOJAKz,Jakkrapan Oumsuk,-,https://wstatic-prod-boc.krafton.com/common/player/20240519/MTbceW8l/gojak.png,pubg_players\images\1610.png,Iconic Esport,PGS APAC Qualifiers 2025 Phase 2,,,,-,"[{""year"": 2025, ""team"": ""Iconic Esport""}, {""year"": 2024, ""team"": ""Armory Gaming""}, {""year"": 2023, ""team"": ""Armory Gaming""}]",https://pubgesports.com/vi/players/1610
1611,Kannn,sakan sukrungraung,-,https://wstatic-prod-boc.krafton.com/common/player/20251011/GceWKorD/brukannn.png,pubg_players\images\1611.png,Buriram United Esports,PUBG Global Series 10,9.0,0.58,104.66,20:44,"[{""year"": 2025, ""team"": ""Buriram United Esports""}, {""year"": 2025, ""team"": ""TEAM NKT""}, {""year"": 2024, ""team"": ""Buriram United Esports""}, {""year"": 2023, ""team"": ""Buriram United Esports""}]",https://pubgesports.com/vi/players/1611
1615,Banana0ne,Pongsiri Chompoochan,Thailand,https://wstatic-prod-boc.krafton.com/common/player/20241120/lguI4jCn/banana.png,pubg_players\images\1615.png,FW ESPORTS,PUBG PLAYERS MASTERS INVITATIONAL,7.2,0.4,157.29,19:35,"[{""year"": 2025, ""team"": ""FW Esports""}, {""year"": 2024, ""team"": ""FW Esports""}, {""year"": 2023, ""team"": ""FW Esports""}]",https://pubgesports.com/vi/players/1615
1616,rEiiz,Nattawat Boonsiriwan,Thailand,https://wstatic-prod-boc.krafton.com/common/player/20241120/iRYSrSB0/eliz.png,pubg_players\images\1616.png,FW ESPORTS,PUBG PLAYERS MASTERS INVITATIONAL,7.2,0.87,158.43,20:16,"[{""year"": 2025, ""team"": ""FW Esports""}, {""year"": 2024, ""team"": ""FW Esports""}, {""year"": 2023, ""team"": ""FW Esports""}]",https://pubgesports.com/vi/players/1616
1625,Porchez,Nitithon Lookbua,-,https://wstatic-prod.pubgesports.com/web/live/main_216c17e/img/21c48fd.png,pubg_players\images\1625.png,Iconic Esport,PGS APAC Qualifiers 2025 Phase 2,10.6,0.78,173.78,18:11,"[{""year"": 2025, ""team"": ""Iconic Esport""}, {""year"": 2025, ""team"": ""Take Me Please""}, {""year"": 2024, ""team"": ""Look For Team""}, {""year"": 2023, ""team"": ""Vampire Esports""}]",https://pubgesports.com/vi/players/1625
1649,Hoangf,Ho Ngoc Hoang,-,https://wstatic-prod-boc.krafton.com/common/player/20260317/C3vQ7Y1P/TE_Hoangf.png,pubg_players\images\1649.png,GAM The Expendables,2026 PUBG Global Series 7,8.3,0.17,98.64,21:55,"[{""year"": 2026, ""team"": ""GAM Esports""}, {""year"": 2026, ""team"": ""GAM The Expendables""}, {""year"": 2026, ""team"": ""The Expendables""}, {""year"": 2025, ""team"": ""TDT Esports""}, {""year"": 2024, ""team"": ""Reluctant Squad""}, {""year"": 2024, ""team"": ""TDT Esports""}, {""year"": 2023, ""team"": ""DK GAMING""}]",https://pubgesports.com/vi/players/1649
1650,Da1ziel,Truong Phu Dat,-,https://wstatic-prod.pubgesports.com/web/live/main_216c17e/img/21c48fd.png,pubg_players\images\1650.png,RUW Homie,PGS APAC Qualifiers 2025 Phase 2,11.7,0.39,91.34,15:51,"[{""year"": 2025, ""team"": ""RUW Homie""}, {""year"": 2025, ""team"": ""The Tin Soldier""}, {""year"": 2024, ""team"": ""RAP XIEC ESPORT""}, {""year"": 2023, ""team"": ""DARK SATAN ESPORTS""}]",https://pubgesports.com/vi/players/1650
1653,QuaySama,Huynh Oanh Vu,-,https://wstatic-prod.pubgesports.com/web/live/main_216c17e/img/21c48fd.png,pubg_players\images\1653.png,Team Flash,PGS APAC Qualifiers 2025 Phase 2,6.8,0.67,115.59,21:34,"[{""year"": 2025, ""team"": ""Team Flash""}, {""year"": 2024, ""team"": ""GLS Esports""}, {""year"": 2024, ""team"": ""Rustrial Esport""}, {""year"": 2023, ""team"": ""DAXIX TEAM""}]",https://pubgesports.com/vi/players/1653
1675,StannnL,Tran Nguyen Tan Loc,-,https://wstatic-prod-boc.krafton.com/common/player/20260317/jRvrIf7A/FCE_StannnL.png,pubg_players\images\1675.png,FINHAY CERBERUS,2026 PUBG Global Series 5,10.2,0.7,145.88,20:35,"[{""year"": 2026, ""team"": ""FINHAY CERBERUS""}, {""year"": 2025, ""team"": ""MG Gaming""}, {""year"": 2023, ""team"": ""KILLBOX UNITED""}]",https://pubgesports.com/vi/players/1675
1688,Browny,Vo Ngoc Khoi,-,https://wstatic-prod.pubgesports.com/web/live/main_216c17e/img/21c48fd.png,pubg_players\images\1688.png,Fight For Life,PGS APAC Qualifiers 2025 Phase 2,11.3,1.28,243.52,16:59,"[{""year"": 2025, ""team"": ""Fight For Life""}, {""year"": 2024, ""team"": ""RAP XIEC ESPORT""}, {""year"": 2024, ""team"": ""THE EXPENDABLES""}, {""year"": 2023, ""team"": ""The Expendables""}]",https://pubgesports.com/vi/players/1688
1690,Destroyy,Hong Gia Bao,-,https://wstatic-prod-boc.krafton.com/common/player/20260317/vEsUKazZ/AL_Destroyy.png,pubg_players\images\1690.png,Anyone's Legend,2026 PUBG Global Series 7,9.0,0.33,74.88,20:13,"[{""year"": 2026, ""team"": ""AG.AL""}, {""year"": 2026, ""team"": ""Anyone's Legend""}, {""year"": 2025, ""team"": ""AG.AL""}, {""year"": 2025, ""team"": ""ALL GAMERS""}, {""year"": 2025, ""team"": ""Anyone's Legend""}, {""year"": 2024, ""team"": ""Unicorn Cyber Esports""}, {""year"": 2023, ""team"": ""Unicorn Cyber Esport""}]",https://pubgesports.com/vi/players/1690
1693,epod,Nguyen Huynh Anh Tu,-,https://wstatic-prod.pubgesports.com/web/live/main_216c17e/img/21c48fd.png,pubg_players\images\1693.png,WinD Esport,PGS APAC Qualifiers 2025 Phase 2,9.8,0.5,143.33,19:25,"[{""year"": 2025, ""team"": ""Four Crazy Rabbits""}, {""year"": 2025, ""team"": ""WinD Esport""}, {""year"": 2023, ""team"": ""X-Stadium Thu Duc""}]",https://pubgesports.com/vi/players/1693
1695,MetalD,Do Kim Duc,-,https://wstatic-prod.pubgesports.com/web/live/main_216c17e/img/21c48fd.png,pubg_players\images\1695.png,RUW Homie,PGS APAC Qualifiers 2025 Phase 2,11.7,0.28,143.54,16:40,"[{""year"": 2025, ""team"": ""RUW Homie""}, {""year"": 2025, ""team"": ""The Tin Soldier""}, {""year"": 2024, ""team"": ""X-STADIUM THU DUC""}, {""year"": 2023, ""team"": ""X-Stadium Thu Duc""}]",https://pubgesports.com/vi/players/1695
1721,Dong,Guan Rongpei,China,https://wstatic-prod-boc.krafton.com/entry/player/20250321/HNiKidFe.png,pubg_players\images\1721.png,Golden Quester Gaming,2025 PUBG Champions League Autumn,9.1,1.18,204.02,19:11,"[{""year"": 2025, ""team"": ""Golden Quester Gaming""}, {""year"": 2023, ""team"": ""EMI""}]",https://pubgesports.com/vi/players/1721
1726,Gumshott,Agum Qaliek,Indonesia,https://wstatic-prod.pubgesports.com/web/live/main_216c17e/img/21c48fd.png,pubg_players\images\1726.png,Alter Ego,PGS APAC Qualifiers 2025 Phase 2,,,,-,"[{""year"": 2025, ""team"": ""Alter Ego""}, {""year"": 2025, ""team"": ""Qiwa Esports""}, {""year"": 2023, ""team"": ""ASHENG HOME""}]",https://pubgesports.com/vi/players/1726
1778,Dusky,Lachlan Barnett,-,https://wstatic-prod.pubgesports.com/web/live/main_216c17e/img/21c48fd.png,pubg_players\images\1778.png,Justice For Tomorrow Esports,PGS APAC Qualifiers 2025 Phase 2,6.7,0.94,214.23,22:20,"[{""year"": 2025, ""team"": ""Justice For Tomorrow Esports""}, {""year"": 2024, ""team"": ""Panic Esports""}, {""year"": 2023, ""team"": ""Panic esports""}]",https://pubgesports.com/vi/players/1778
1779,SHOEHORSE,Peter Nguyen,-,https://wstatic-prod.pubgesports.com/web/live/main_216c17e/img/21c48fd.png,pubg_players\images\1779.png,Justice For Tomorrow Esports,PGS APAC Qualifiers 2025 Phase 2,6.7,0.39,128.44,20:30,"[{""year"": 2025, ""team"": ""Justice For Tomorrow Esports""}, {""year"": 2024, ""team"": ""Panic Esports""}, {""year"": 2023, ""team"": ""Panic esports""}]",https://pubgesports.com/vi/players/1779
1798,ShotDuo,Oh Sanghyo,Korea (the Republic of),https://wstatic-prod.pubgesports.com/web/live/main_216c17e/img/21c48fd.png,pubg_players\images\1798.png,PNKO,2025 PUBG WEEKLY SERIES: Phase 2,11.8,0.78,158.49,16:24,"[{""year"": 2025, ""team"": ""PNKO""}, {""year"": 2024, ""team"": ""AKUMA""}]",https://pubgesports.com/vi/players/1798
1860,Mandu,SeongMin Jeong,Korea (the Republic of),https://wstatic-prod-boc.krafton.com/entry/player/20240319/b3c9hf3I.png,pubg_players\images\1860.png,GNL ESPORTS,2025 PUBG WEEKLY SERIES: Phase 2,8.2,0.71,153.01,19:27,"[{""year"": 2025, ""team"": ""Eagle Owls""}, {""year"": 2025, ""team"": ""GNL ESPORTS""}, {""year"": 2024, ""team"": ""Eagle Owls""}, {""year"": 2024, ""team"": ""Sentinel""}]",https://pubgesports.com/vi/players/1860
1863,Rascal,MinSeo Song,Korea (the Republic of),https://wstatic-prod-boc.krafton.com/entry/player/20240319/gxqlpTW1.png,pubg_players\images\1863.png,e-sports FROM,2025 PUBG WEEKLY SERIES: Phase 2,8.3,0.6,128.18,20:23,"[{""year"": 2025, ""team"": ""e-sports FROM""}, {""year"": 2024, ""team"": ""e-sports FROM""}, {""year"": 2024, ""team"": ""e-sports FROM DAEJEON""}]",https://pubgesports.com/vi/players/1863
1865,Hane,Sunghyun Kang,Korea (the Republic of),https://wstatic-prod-boc.krafton.com/common/player/20251011/n9gTvbYN/sgahane.png,pubg_players\images\1865.png,SGA INCHEON,PUBG Global Series 10,8.8,0.58,161.55,19:46,"[{""year"": 2025, ""team"": ""SGA INCHEON""}, {""year"": 2024, ""team"": ""GameCoach Academy""}]",https://pubgesports.com/vi/players/1865
1866,TaxDer,Junwoo Choi,Korea (the Republic of),https://wstatic-prod-boc.krafton.com/common/player/20251011/7hBwUQpX/sgataxder.png,pubg_players\images\1866.png,SGA INCHEON,PUBG Global Series 10,10.8,0.33,146.36,18:40,"[{""year"": 2025, ""team"": ""GNL ESPORTS""}, {""year"": 2025, ""team"": ""SGA INCHEON""}, {""year"": 2024, ""team"": ""Aura""}, {""year"": 2024, ""team"": ""GameCoach Academy""}, {""year"": 2024, ""team"": ""XTRA FORCE""}]",https://pubgesports.com/vi/players/1866
1867,BigPicTure,Daegun Park,Korea (the Republic of),https://wstatic-prod.pubgesports.com/web/live/main_216c17e/img/21c48fd.png,pubg_players\images\1867.png,SUPERFECT Academy,2025 PUBG WEEKLY SERIES: Phase 2,9.6,0.61,114.77,18:01,"[{""year"": 2025, ""team"": ""Kitsune""}, {""year"": 2025, ""team"": ""SOOP CLAN""}, {""year"": 2025, ""team"": ""SUPERFECT Academy""}, {""year"": 2024, ""team"": ""Divine tM""}, {""year"": 2024, ""team"": ""Team Daily""}]",https://pubgesports.com/vi/players/1867
1868,Lure,Gyeongmin Shin,Korea (the Republic of),https://wstatic-prod.pubgesports.com/web/live/main_216c17e/img/21c48fd.png,pubg_players\images\1868.png,e-sports FROM,2025 PUBG WEEKLY SERIES: Phase 2,8.3,0.6,179.36,20:02,"[{""year"": 2025, ""team"": ""e-sports FROM""}, {""year"": 2025, ""team"": ""KX Gaming""}, {""year"": 2025, ""team"": ""SENTINEL""}, {""year"": 2024, ""team"": ""ABC""}, {""year"": 2024, ""team"": ""Divine tM""}]",https://pubgesports.com/vi/players/1868
1873,Hama,Gyumin Lee,Korea (the Republic of),https://wstatic-prod.pubgesports.com/web/live/main_216c17e/img/21c48fd.png,pubg_players\images\1873.png,Eagle Owls,2025 PUBG WEEKLY SERIES: Phase 2,9.1,0.95,179.57,18:36,"[{""year"": 2025, ""team"": ""Eagle Owls""}, {""year"": 2025, ""team"": ""IFYOUMINE GAME PT""}, {""year"": 2024, ""team"": ""IFYOUMINE GAME PT""}, {""year"": 2024, ""team"": ""Overwhelm""}]",https://pubgesports.com/vi/players/1873
1874,PolarBear,Kanghyun Kim,Korea (the Republic of),https://wstatic-prod.pubgesports.com/web/live/main_216c17e/img/21c48fd.png,pubg_players\images\1874.png,IFYOUMINE GAME PT,2025 PUBG WEEKLY SERIES: Phase 2,8.0,0.5,109.76,19:51,"[{""year"": 2025, ""team"": ""IFYOUMINE GAME PT""}, {""year"": 2025, ""team"": ""OverHead""}, {""year"": 2024, ""team"": ""Overwhelm""}]",https://pubgesports.com/vi/players/1874
1879,ZxLopes,Matheus Varallo Lopes,-,https://wstatic-prod-boc.krafton.com/entry/player/20240319/zMeVSjrM.png,pubg_players\images\1879.png,NO WAY,PUBG Americas Series 6,12.5,0.25,84.09,14:46,"[{""year"": 2025, ""team"": ""NO WAY""}, {""year"": 2025, ""team"": ""OS AMIGÃO""}, {""year"": 2025, ""team"": ""SAMCRISMO""}, {""year"": 2024, ""team"": ""55 E-sports""}]",https://pubgesports.com/vi/players/1879
1882,TecTHOR,Hector David Leonhardtt,-,https://wstatic-prod-boc.krafton.com/entry/player/20240319/He95Zn03.png,pubg_players\images\1882.png,Bestia,PUBG Americas Series 6,,,,-,"[{""year"": 2025, ""team"": ""Bestia""}, {""year"": 2024, ""team"": ""Bestia""}]",https://pubgesports.com/vi/players/1882
1883,Paidim,Mateus Silva de Paula,-,https://wstatic-prod-boc.krafton.com/entry/player/20240319/46sXtrbC.png,pubg_players\images\1883.png,Bonde do Galo,PUBG Americas Series 6,11.3,0.65,137.89,15:17,"[{""year"": 2025, ""team"": ""Bonde do Galo""}, {""year"": 2024, ""team"": ""Bonde do Galo""}]",https://pubgesports.com/vi/players/1883
1885,FROGMAN1,Lucas Marques Silva,-,https://wstatic-prod-boc.krafton.com/entry/player/20240319/1SBVNN2b.png,pubg_players\images\1885.png,MAXWIN,PUBG Americas Series 6,10.5,0.79,162.24,18:37,"[{""year"": 2025, ""team"": ""MAXWIN""}, {""year"": 2024, ""team"": ""Future""}]",https://pubgesports.com/vi/players/1885
1889,Justus,Justus Heiko Jacob Johannes Saueressig,-,https://wstatic-prod-boc.krafton.com/common/player/20260622/LEfoJE0d/GER_Justus.png,pubg_players\images\1889.png,GERMANY,PUBG NATIONS CUP 2026,8.0,0.93,130.06,16:56,"[{""year"": 2026, ""team"": ""GERMANY""}, {""year"": 2025, ""team"": ""The Myht Of""}, {""year"": 2025, ""team"": ""The Myth Of""}, {""year"": 2024, ""team"": ""Elevate""}, {""year"": 2024, ""team"": ""Gatos Chicos""}]",https://pubgesports.com/vi/players/1889
1891,Dedi,Art Alvarado,-,https://wstatic-prod-boc.krafton.com/entry/player/20240319/rp3Vtc5Q.png,pubg_players\images\1891.png,WuJuTu,PUBG Americas Series 6,,,,-,"[{""year"": 2025, ""team"": ""WuJuTu""}, {""year"": 2024, ""team"": ""Mercy Gaming""}]",https://pubgesports.com/vi/players/1891
1901,Mogore,Subbotin Vitaliy,-,https://wstatic-prod-boc.krafton.com/common/player/20251011/oR3SEQgW/slammogore.png,pubg_players\images\1901.png,Team Orchid,PUBG Global Championship 2025,8.1,0.81,242.46,22:01,"[{""year"": 2025, ""team"": ""SLAMG""}, {""year"": 2025, ""team"": ""Team Orchid""}, {""year"": 2024, ""team"": ""Baldinini""}]",https://pubgesports.com/vi/players/1901
1903,Mersell,Dobizha Nikita Vadimovich,-,https://wstatic-prod-boc.krafton.com/common/player/20251011/ARxHJyRg/slammersell.png,pubg_players\images\1903.png,Team Orchid,PUBG Global Championship 2025,,,,-,"[{""year"": 2025, ""team"": ""SLAMG""}, {""year"": 2025, ""team"": ""Team Orchid""}, {""year"": 2024, ""team"": ""Baldinini""}]",https://pubgesports.com/vi/players/1903
1906,Ermaak,Yermek Torebekov,-,https://wstatic-prod-boc.krafton.com/common/player/20260622/krfVY5op/KAZ_Ermaak.png,pubg_players\images\1906.png,KAZAKHSTAN,PUBG NATIONS CUP 2026,7.3,0.6,141.21,20:56,"[{""year"": 2026, ""team"": ""KAZAKHSTAN""}, {""year"": 2025, ""team"": ""BB Team""}, {""year"": 2024, ""team"": ""BB Team""}]",https://pubgesports.com/vi/players/1906
1912,crossberk,Berke Kaşıkcıoğlu,Türkiye,https://wstatic-prod-boc.krafton.com/common/player/20250719/Ttcsz7Xp/corssberk.png,pubg_players\images\1912.png,Bushido,PUBG EMEA Championship: Fall,6.9,1.19,260.84,21:42,"[{""year"": 2025, ""team"": ""Bushido""}, {""year"": 2025, ""team"": ""Eternal Fire""}, {""year"": 2025, ""team"": ""Türkiye""}, {""year"": 2024, ""team"": ""Bumble Squad""}, {""year"": 2024, ""team"": ""Stardust""}]",https://pubgesports.com/vi/players/1912
1924,Zubila,Artem Zubkov,-,https://wstatic-prod.pubgesports.com/web/live/main_216c17e/img/21c48fd.png,pubg_players\images\1924.png,Vorpal Swords,PUBG EMEA Championship: Fall,9.7,0.85,155.55,18:12,"[{""year"": 2025, ""team"": ""Vorpal Swords""}, {""year"": 2024, ""team"": ""Fairy Tail""}]",https://pubgesports.com/vi/players/1924
1927,shengen,Mishyn Viacheslav Viacheslavovich,-,https://wstatic-prod.pubgesports.com/web/live/main_216c17e/img/21c48fd.png,pubg_players\images\1927.png,Hive,PUBG EMEA Championship: Fall,7.5,0.9,173.35,21:15,"[{""year"": 2025, ""team"": ""HiVE""}, {""year"": 2024, ""team"": ""LULUWU""}, {""year"": 2024, ""team"": ""LULW""}]",https://pubgesports.com/vi/players/1927
1932,Hopikok,Oleksandr Lytvynov,-,https://wstatic-prod.pubgesports.com/web/live/main_216c17e/img/21c48fd.png,pubg_players\images\1932.png,CRYNT,PUBG EMEA Championship: Fall,10.0,0.54,192.27,18:18,"[{""year"": 2025, ""team"": ""CRYNT""}, {""year"": 2024, ""team"": ""NewGate""}]",https://pubgesports.com/vi/players/1932
1935,Presenti,Bogdan Chevidaev,-,https://wstatic-prod.pubgesports.com/web/live/main_216c17e/img/21c48fd.png,pubg_players\images\1935.png,Hive,PUBG EMEA Championship: Fall,7.5,0.6,136.43,20:58,"[{""year"": 2025, ""team"": ""HiVE""}, {""year"": 2025, ""team"": ""winordie""}, {""year"": 2024, ""team"": ""Contester""}, {""year"": 2024, ""team"": ""Pod Samolet""}, {""year"": 2024, ""team"": ""winordie""}]",https://pubgesports.com/vi/players/1935
1938,Mikzenn,Patrick Pagh Christensen,-,https://wstatic-prod-boc.krafton.com/common/player/20260622/g7rocxTf/DEN_Mikzenn.png,pubg_players\images\1938.png,DENMARK,PUBG NATIONS CUP 2026,8.0,0.6,155.97,19:56,"[{""year"": 2026, ""team"": ""DENMARK""}, {""year"": 2024, ""team"": ""Any Trolls in Chat""}, {""year"": 2024, ""team"": ""Young Danes""}]",https://pubgesports.com/vi/players/1938
1939,Ketter,William Staal Rasmussen,Denmark,https://wstatic-prod-boc.krafton.com/common/player/20260622/C2TbaiYH/DEN_Ketter.png,pubg_players\images\1939.png,DENMARK,PUBG NATIONS CUP 2026,8.0,1.2,179.01,20:01,"[{""year"": 2026, ""team"": ""DENMARK""}, {""year"": 2025, ""team"": ""DENMARK""}, {""year"": 2025, ""team"": ""HYPEBEASTS""}, {""year"": 2025, ""team"": ""Hypebeasts & Co""}, {""year"": 2024, ""team"": ""Any Trolls in Chat""}, {""year"": 2024, ""team"": ""Young Danes""}]",https://pubgesports.com/vi/players/1939
1959,KISS,Preedee Panwanitchayakit,Thailand,https://wstatic-prod-boc.krafton.com/common/player/20260804/6BLP7ilG/MiTH_KISS.png,pubg_players\images\1959.png,Made in Thailand,2026 PUBG Global Series 7,9.5,1.45,291.49,18:17,"[{""year"": 2026, ""team"": ""Made in Thailand""}, {""year"": 2026, ""team"": ""MiTH""}, {""year"": 2026, ""team"": ""THAILAND""}, {""year"": 2025, ""team"": ""Forest Natural Gaming""}, {""year"": 2025, ""team"": ""Made in Thailand""}, {""year"": 2025, ""team"": ""THAILAND""}, {""year"": 2024, ""team"": ""Take Me Please""}, {""year"": 2024, ""team"": ""Valee Thai Esport""}, {""year"": 2024, ""team"": ""Valee Thai Esports""}]",https://pubgesports.com/vi/players/1959
1960,Meng,Rachata Tangmanakij,-,https://wstatic-prod.pubgesports.com/web/live/main_216c17e/img/21c48fd.png,pubg_players\images\1960.png,FW ESPORTS,PUBG PLAYERS MASTERS INVITATIONAL,,,,-,"[{""year"": 2025, ""team"": ""FW Esports""}, {""year"": 2025, ""team"": ""R8 Esports""}, {""year"": 2025, ""team"": ""Take Me Please""}, {""year"": 2024, ""team"": ""Valee Thai Esport""}, {""year"": 2024, ""team"": ""Valee Thai Esports""}]",https://pubgesports.com/vi/players/1960
1969,WINDah,Weijie Cheng,China,https://wstatic-prod-boc.krafton.com/common/player/20260316/B77fS7lc/4AM_WINDah.png,pubg_players\images\1969.png,FOUR ANGRY MEN,2026 PUBG Global Series 7,9.5,0.27,90.66,18:15,"[{""year"": 2026, ""team"": ""FOUR ANGRY MEN""}, {""year"": 2025, ""team"": ""Dream Set Sail""}, {""year"": 2025, ""team"": ""Nirvana Gaming""}, {""year"": 2024, ""team"": ""Dream Set Sail""}]",https://pubgesports.com/vi/players/1969
1971,Ze1,Peng Ze,China,https://wstatic-prod-boc.krafton.com/entry/player/20250321/WS3ubLdM.png,pubg_players\images\1971.png,Soy Milk Squad,2025 PUBG Champions League Autumn,8.5,0.73,146.89,17:16,"[{""year"": 2025, ""team"": ""Soy Milk Squad""}, {""year"": 2024, ""team"": ""Soy Milk Squad""}]",https://pubgesports.com/vi/players/1971
1972,Linskr,Li Jinlin,China,https://wstatic-prod-boc.krafton.com/entry/player/20250321/g9cluRES.png,pubg_players\images\1972.png,BBT,2025 PUBG Champions League Autumn,9.5,0.58,138.72,18:21,"[{""year"": 2025, ""team"": ""BBT""}, {""year"": 2025, ""team"": ""SOY MILK SQUAD""}, {""year"": 2024, ""team"": ""Soy Milk Squad""}]",https://pubgesports.com/vi/players/1972
1980,3Thee,Theetus Boonlerd,-,https://wstatic-prod.pubgesports.com/web/live/main_216c17e/img/21c48fd.png,pubg_players\images\1980.png,Armory Gaming,PGS APAC Qualifiers 2025 Phase 2,,,,-,"[{""year"": 2025, ""team"": ""Armory Gaming""}]",https://pubgesports.com/vi/players/1980
1985,XiaoHuxxXX,Zeng Biao,China,https://wstatic-prod-boc.krafton.com/entry/player/20250321/GVlMw2Kl.png,pubg_players\images\1985.png,Golden Quester Gaming,2025 PUBG Champions League Autumn,9.1,0.87,157.34,17:54,"[{""year"": 2025, ""team"": ""085Gaming""}, {""year"": 2025, ""team"": ""Golden Quester Gaming""}, {""year"": 2025, ""team"": ""Team Magic""}, {""year"": 2024, ""team"": ""TAIKULE""}, {""year"": 2024, ""team"": ""Too Cool""}]",https://pubgesports.com/vi/players/1985
1986,Moon,Wang Yueming,China,https://wstatic-prod-boc.krafton.com/entry/player/20250321/wbGu9U5P.png,pubg_players\images\1986.png,Soy Milk Squad,2025 PUBG Champions League Autumn,8.4,0.64,116.05,18:25,"[{""year"": 2025, ""team"": ""HALOQUEEN""}, {""year"": 2025, ""team"": ""Soy Milk Squad""}, {""year"": 2024, ""team"": ""TAIKULE""}, {""year"": 2024, ""team"": ""Too Cool""}]",https://pubgesports.com/vi/players/1986
1989,Solo9,Shi Long,China,https://wstatic-prod-boc.krafton.com/entry/player/20250321/hHxtjxy8.png,pubg_players\images\1989.png,LvErGaming,2025 PUBG Champions League Autumn,9.8,0.69,146.49,18:03,"[{""year"": 2025, ""team"": ""085Gaming""}, {""year"": 2025, ""team"": ""Lv Er Gaming""}, {""year"": 2024, ""team"": ""FOR THE GLORY""}]",https://pubgesports.com/vi/players/1989
1995,ONEDD,Wang Jiajun,China,https://wstatic-prod-boc.krafton.com/entry/player/20250321/uU2komjo.png,pubg_players\images\1995.png,Golden Quester Gaming,2025 PUBG Champions League Autumn,9.1,0.81,149.56,17:52,"[{""year"": 2025, ""team"": ""Golden Quester Gaming""}, {""year"": 2025, ""team"": ""ON1Y""}, {""year"": 2024, ""team"": ""ClashKarma""}]",https://pubgesports.com/vi/players/1995
2005,BAILIMU,Lin Muchuan,China,https://wstatic-prod-boc.krafton.com/entry/player/20250321/jFocsgFC.png,pubg_players\images\2005.png,Rainbow Style,2025 PUBG Champions League Autumn,9.9,0.57,105.78,17:41,"[{""year"": 2025, ""team"": ""Qiao Ying Gaming""}, {""year"": 2025, ""team"": ""Rainbow Style""}, {""year"": 2025, ""team"": ""RainbowStyle""}, {""year"": 2024, ""team"": ""Qiao Ying Gaming""}]",https://pubgesports.com/vi/players/2005
2006,DaTou,ChengTian Ye,-,https://wstatic-prod.pubgesports.com/web/live/main_216c17e/img/21c48fd.png,pubg_players\images\2006.png,Rainbow Style,2025 PUBG Champions League Autumn,9.9,0.83,153.6,19:00,"[{""year"": 2025, ""team"": ""Rainbow Style""}, {""year"": 2025, ""team"": ""RainbowStyle""}, {""year"": 2024, ""team"": ""Qiao Ying Gaming""}]",https://pubgesports.com/vi/players/2006
2007,JiangXiaoYu,Pang Jingxuan,China,https://wstatic-prod-boc.krafton.com/entry/player/20250321/LhxKHaQl.png,pubg_players\images\2007.png,Rainbow Style,2025 PUBG Champions League Autumn,9.9,0.93,185.38,18:33,"[{""year"": 2025, ""team"": ""Qiao Ying Gaming""}, {""year"": 2025, ""team"": ""Rainbow Style""}, {""year"": 2025, ""team"": ""RainbowStyle""}, {""year"": 2024, ""team"": ""Qiao Ying Gaming""}]",https://pubgesports.com/vi/players/2007
2011,GALI,Liu Ziheng,China,https://wstatic-prod-boc.krafton.com/entry/player/20250321/QvIE0517.png,pubg_players\images\2011.png,Papillons Dangereux,Douyu & Huya Summit,11.4,0.47,101.87,15:16,"[{""year"": 2025, ""team"": ""Papillon Dangereux""}, {""year"": 2025, ""team"": ""Papillons Dangereux""}, {""year"": 2024, ""team"": ""Team ShuangXi""}]",https://pubgesports.com/vi/players/2011
2015,Hush_CN,Unknown,China,https://wstatic-prod-boc.krafton.com/entry/player/20250321/d33oTzIb.png,pubg_players\images\2015.png,Qiao Ying Gaming,2025 PUBG Champions League Spring,9.7,0.67,158.12,19:07,"[{""year"": 2025, ""team"": ""Qiao Ying Gaming""}, {""year"": 2024, ""team"": ""Rainbow Style""}, {""year"": 2024, ""team"": ""RainbowStyle""}]",https://pubgesports.com/vi/players/2015
2018,diyy,Daniel Noh,United States of America,https://wstatic-prod-boc.krafton.com/common/player/20260804/vU2XUYwE/GEN_diyy.png,pubg_players\images\2018.png,Gen.G Esports,2026 PUBG Global Series 7,11.2,0.67,103.76,14:24,"[{""year"": 2026, ""team"": ""Gen.G Esports""}, {""year"": 2025, ""team"": ""AlQadsiah""}, {""year"": 2024, ""team"": ""Spacestation Gaming""}, {""year"": 2024, ""team"": ""WuJuTu""}]",https://pubgesports.com/vi/players/2018
2025,rnzeera,Renan Rosa do Nascimento,-,https://wstatic-prod.pubgesports.com/web/live/main_216c17e/img/21c48fd.png,pubg_players\images\2025.png,+55 e-Sports,PUBG Americas Series 6,7.8,1.31,203.79,21:42,"[{""year"": 2025, ""team"": ""+55 e-Sports""}, {""year"": 2024, ""team"": ""GameBeef""}, {""year"": 2024, ""team"": ""Typhon Gaming""}]",https://pubgesports.com/vi/players/2025
2027,zelo,Marcelo Andres Yañez Selman,-,https://wstatic-prod.pubgesports.com/web/live/main_216c17e/img/21c48fd.png,pubg_players\images\2027.png,DEPORTIVO MERLO,PUBG Americas Series 6,9.5,0.92,168.44,17:45,"[{""year"": 2025, ""team"": ""DEPORTIVO MERLO""}, {""year"": 2024, ""team"": ""BiciBandidos""}]",https://pubgesports.com/vi/players/2027
2035,Vanoss,Aleksei Avdeev,-,https://wstatic-prod.pubgesports.com/web/live/main_216c17e/img/21c48fd.png,pubg_players\images\2035.png,CRYNT,PUBG EMEA Championship: Fall,10.0,1.21,196.29,19:10,"[{""year"": 2025, ""team"": ""CRYNT""}, {""year"": 2024, ""team"": ""BUSINESS""}, {""year"": 2024, ""team"": ""Contester""}]",https://pubgesports.com/vi/players/2035
2036,Elska,Elias Kallio,Finland,https://wstatic-prod.pubgesports.com/web/live/main_216c17e/img/21c48fd.png,pubg_players\images\2036.png,Kitchen,PUBG EMEA Championship: Fall,12.0,0.21,98.4,16:31,"[{""year"": 2025, ""team"": ""kitchen""}, {""year"": 2024, ""team"": ""Saunabois""}]",https://pubgesports.com/vi/players/2036
2039,Abelisk,Konstantin Igorevich Gusev,-,https://wstatic-prod.pubgesports.com/web/live/main_216c17e/img/21c48fd.png,pubg_players\images\2039.png,Hive,PUBG EMEA Championship: Fall,,,,-,"[{""year"": 2025, ""team"": ""HiVE""}, {""year"": 2024, ""team"": ""LULW""}]",https://pubgesports.com/vi/players/2039
2046,snapx,Vladislav Doroshin,-,https://wstatic-prod.pubgesports.com/web/live/main_216c17e/img/21c48fd.png,pubg_players\images\2046.png,CRYNT,PUBG EMEA Championship: Fall,,,,-,"[{""year"": 2025, ""team"": ""Contester""}, {""year"": 2025, ""team"": ""CRYNT""}, {""year"": 2024, ""team"": ""BUSINESS""}, {""year"": 2024, ""team"": ""Vorpal Swords""}]",https://pubgesports.com/vi/players/2046
2061,gwang1n,Gwangmin Kim,-,https://wstatic-prod.pubgesports.com/web/live/main_216c17e/img/21c48fd.png,pubg_players\images\2061.png,GOGOPUSH,2025 PUBG WEEKLY SERIES: Phase 2,9.0,0.67,118.31,18:06,"[{""year"": 2025, ""team"": ""GOGOPUSH""}, {""year"": 2025, ""team"": ""SGA INCHEON""}, {""year"": 2024, ""team"": ""SENTINEL""}]",https://pubgesports.com/vi/players/2061
2064,Woong,Sangwoong Park,-,https://wstatic-prod.pubgesports.com/web/live/main_216c17e/img/21c48fd.png,pubg_players\images\2064.png,IFYOUMINE GAME PT,2025 PUBG WEEKLY SERIES: Phase 2,8.0,0.76,109.82,20:30,"[{""year"": 2025, ""team"": ""IFYOUMINE GAME PT""}, {""year"": 2024, ""team"": ""IFYOUMINE GAME PT""}, {""year"": 2024, ""team"": ""OverCome""}]",https://pubgesports.com/vi/players/2064
2066,Arte,Jeongwoon Shin,Korea (the Republic of),https://wstatic-prod.pubgesports.com/web/live/main_216c17e/img/21c48fd.png,pubg_players\images\2066.png,Eagle Owls,2025 PUBG WEEKLY SERIES: Phase 2,9.1,0.86,133.37,19:18,"[{""year"": 2025, ""team"": ""Eagle Owls""}, {""year"": 2025, ""team"": ""TAG""}, {""year"": 2024, ""team"": ""OverCome""}]",https://pubgesports.com/vi/players/2066
2068,redzone,Pyeongkang Kim,-,https://wstatic-prod.pubgesports.com/web/live/main_216c17e/img/21c48fd.png,pubg_players\images\2068.png,AZLA PENTAGRAM,PUBG Global Championship 2025,9.1,1.61,278.99,20:19,"[{""year"": 2025, ""team"": ""AZLA PENTAGRAM""}, {""year"": 2025, ""team"": ""Eagle Owls""}, {""year"": 2024, ""team"": ""Eagle Owls""}, {""year"": 2024, ""team"": ""Over Whale""}]",https://pubgesports.com/vi/players/2068
2069,BreaKers,Mingeun Song,-,https://wstatic-prod-boc.krafton.com/common/player/20251011/iWn3l1LK/fnbreakers.png,pubg_players\images\2069.png,FN Pocheon,PUBG Global Championship 2025,9.5,0.98,156.52,19:36,"[{""year"": 2025, ""team"": ""Eagle Owls""}, {""year"": 2025, ""team"": ""FN Pocheon""}, {""year"": 2024, ""team"": ""Eagle Owls""}, {""year"": 2024, ""team"": ""Over Whale""}]",https://pubgesports.com/vi/players/2069
2071,Search,Chanbeom Han,Korea (the Republic of),https://wstatic-prod.pubgesports.com/web/live/main_216c17e/img/21c48fd.png,pubg_players\images\2071.png,IFYOUMINE GAME PT,2025 PUBG WEEKLY SERIES: Phase 2,,,,-,"[{""year"": 2025, ""team"": ""IFYOUMINE GAME PT""}, {""year"": 2025, ""team"": ""OverHead""}, {""year"": 2024, ""team"": ""OverKill""}]",https://pubgesports.com/vi/players/2071
2078,MIN,Choi Min,Korea (the Republic of),https://wstatic-prod.pubgesports.com/web/live/main_216c17e/img/21c48fd.png,pubg_players\images\2078.png,GOGOPUSH,2025 PUBG WEEKLY SERIES: Phase 2,7.4,0.5,129.78,20:15,"[{""year"": 2025, ""team"": ""GOGOPUSH""}, {""year"": 2025, ""team"": ""SSAKSSAKDAN""}, {""year"": 2025, ""team"": ""Star Balloon""}, {""year"": 2024, ""team"": ""Team Daily""}]",https://pubgesports.com/vi/players/2078
2081,Flow,SungJu Lee,-,https://wstatic-prod.pubgesports.com/web/live/main_216c17e/img/21c48fd.png,pubg_players\images\2081.png,e-sports FROM,2025 PUBG WEEKLY SERIES: Phase 2,8.3,0.83,160.19,20:04,"[{""year"": 2025, ""team"": ""e-sports FROM""}, {""year"": 2024, ""team"": ""Divine tM""}]",https://pubgesports.com/vi/players/2081
2082,wonderful,jaeyoung Won,-,https://wstatic-prod.pubgesports.com/web/live/main_216c17e/img/21c48fd.png,pubg_players\images\2082.png,Divine,2025 PUBG WEEKLY SERIES: Phase 2,8.5,0.8,188.11,19:37,"[{""year"": 2025, ""team"": ""Divine""}, {""year"": 2024, ""team"": ""Divine tM""}]",https://pubgesports.com/vi/players/2082
2086,Sunday,Sehyun Park,-,https://wstatic-prod.pubgesports.com/web/live/main_216c17e/img/21c48fd.png,pubg_players\images\2086.png,Sentinel,2025 PUBG WEEKLY SERIES: Phase 2,8.5,1.18,245.84,19:33,"[{""year"": 2025, ""team"": ""Sentinel""}, {""year"": 2025, ""team"": ""SUPERFECT Academy""}, {""year"": 2025, ""team"": ""Xtra Force""}, {""year"": 2024, ""team"": ""SENTINEL""}, {""year"": 2024, ""team"": ""XTRA FORCE""}]",https://pubgesports.com/vi/players/2086
2090,No4H,Dongyun Jeong,Korea (the Republic of),https://wstatic-prod.pubgesports.com/web/live/main_216c17e/img/21c48fd.png,pubg_players\images\2090.png,XGZ,2025 PUBG WEEKLY SERIES: Phase 2,13.7,0.33,58.5,10:44,"[{""year"": 2025, ""team"": ""XGZ""}, {""year"": 2024, ""team"": ""wMe4""}]",https://pubgesports.com/vi/players/2090
2093,Hyuk,Chanhyuk Park,-,https://wstatic-prod.pubgesports.com/web/live/main_216c17e/img/21c48fd.png,pubg_players\images\2093.png,SUPERFECT Academy,2025 PUBG WEEKLY SERIES: Phase 2,10.7,0.22,84.03,16:58,"[{""year"": 2025, ""team"": ""SacheonGaming""}, {""year"": 2025, ""team"": ""SUPERFECT Academy""}, {""year"": 2024, ""team"": ""Over Head""}, {""year"": 2024, ""team"": ""Overwhelm""}]",https://pubgesports.com/vi/players/2093
2097,Chigi,Chihyun Oh,-,https://wstatic-prod.pubgesports.com/web/live/main_216c17e/img/21c48fd.png,pubg_players\images\2097.png,KXGaming,2025 PUBG WEEKLY SERIES: Phase 2,8.3,0.57,129.44,19:12,"[{""year"": 2025, ""team"": ""KXGaming""}, {""year"": 2025, ""team"": ""KXGaming Team""}, {""year"": 2025, ""team"": ""Plus82""}, {""year"": 2024, ""team"": ""HypeBoy""}]",https://pubgesports.com/vi/players/2097
2098,NoJam,Jiwon Seo,-,https://wstatic-prod.pubgesports.com/web/live/main_216c17e/img/21c48fd.png,pubg_players\images\2098.png,MuZaVi,2025 PUBG WEEKLY SERIES: Phase 2,10.0,0.33,110.83,15:36,"[{""year"": 2025, ""team"": ""KXGaming Team""}, {""year"": 2025, ""team"": ""MuZavi""}, {""year"": 2024, ""team"": ""HypeBoy""}]",https://pubgesports.com/vi/players/2098
2105,Yong,Seokjun Yong,-,https://wstatic-prod.pubgesports.com/web/live/main_216c17e/img/21c48fd.png,pubg_players\images\2105.png,KXGaming,2025 PUBG WEEKLY SERIES: Phase 2,8.3,0.86,174.24,19:07,"[{""year"": 2025, ""team"": ""KXGaming""}, {""year"": 2025, ""team"": ""Plus82""}]",https://pubgesports.com/vi/players/2105
2108,enzito,Enzo Pereira de Oliveira Resende,Brazil,https://wstatic-prod.pubgesports.com/web/live/main_216c17e/img/21c48fd.png,pubg_players\images\2108.png,WuJuTu,PUBG Americas Series 6,9.3,0.81,167.62,20:28,"[{""year"": 2025, ""team"": ""Bestia""}, {""year"": 2025, ""team"": ""WuJuTu""}, {""year"": 2024, ""team"": ""55 e-sports""}, {""year"": 2024, ""team"": ""Working in Silence""}]",https://pubgesports.com/vi/players/2108
2112,TDuy,Le Hien Trieu Duy,-,https://wstatic-prod.pubgesports.com/web/live/main_216c17e/img/21c48fd.png,pubg_players\images\2112.png,Team Flash,PGS APAC Qualifiers 2025 Phase 2,8.0,1.33,218.74,21:14,"[{""year"": 2025, ""team"": ""Team Flash""}, {""year"": 2025, ""team"": ""WinD Gaming""}, {""year"": 2024, ""team"": ""Dong Chi Esports""}]",https://pubgesports.com/vi/players/2112
2122,neb1,Ninh Ngoc Dai Ve,-,https://wstatic-prod.pubgesports.com/web/live/main_216c17e/img/21c48fd.png,pubg_players\images\2122.png,RUW Homie,PGS APAC Qualifiers 2025 Phase 2,11.7,1.17,167.03,16:32,"[{""year"": 2025, ""team"": ""Four Crazy Rabbits""}, {""year"": 2025, ""team"": ""RUW Homie""}, {""year"": 2024, ""team"": ""FOUR DEVIL THUNDER""}]",https://pubgesports.com/vi/players/2122
2123,Tanbinh,Le Tan Binh,-,https://wstatic-prod-boc.krafton.com/common/player/20260317/EMkKRyHT/FCE_Tanbinh.png,pubg_players\images\2123.png,FINHAY CERBERUS,2026 PUBG Global Series 6,10.2,0.4,89.26,17:45,"[{""year"": 2026, ""team"": ""FINHAY CERBERUS""}, {""year"": 2025, ""team"": ""RUW Homie""}, {""year"": 2025, ""team"": ""The Tin Soldier""}, {""year"": 2024, ""team"": ""FOUR DEVIL THUNDER""}]",https://pubgesports.com/vi/players/2123
2124,LongX,Le Hoang Long,-,https://wstatic-prod.pubgesports.com/web/live/main_216c17e/img/21c48fd.png,pubg_players\images\2124.png,Team Flash,PGS APAC Qualifiers 2025 Phase 2,8.0,1.74,256.74,20:55,"[{""year"": 2025, ""team"": ""Team Flash""}, {""year"": 2024, ""team"": ""RAP XIEC ESPORT""}, {""year"": 2024, ""team"": ""Unicorn Cyber Esports""}]",https://pubgesports.com/vi/players/2124
2128,Khawkong,Nattapat Caemchamras,-,https://wstatic-prod.pubgesports.com/web/live/main_216c17e/img/21c48fd.png,pubg_players\images\2128.png,Theerathon Five,2026 PUBG Global Series 6,9.2,0.2,169.07,22:08,"[{""year"": 2026, ""team"": ""Theerathon Five""}, {""year"": 2025, ""team"": ""Armory Gaming""}, {""year"": 2024, ""team"": ""Sharper Esport""}]",https://pubgesports.com/vi/players/2128
2132,Hudi,"YEN, CHING-JU",-,https://wstatic-prod.pubgesports.com/web/live/main_216c17e/img/21c48fd.png,pubg_players\images\2132.png,Xavage Men Esports,PGS APAC Qualifiers 2025 Phase 2,,,,-,"[{""year"": 2025, ""team"": ""Xavage Men Esports""}, {""year"": 2024, ""team"": ""Dai Zhu Xmen Esports""}]",https://pubgesports.com/vi/players/2132
2139,Binnekkk,Nguyen Hoang Kim Minh,-,https://wstatic-prod-boc.krafton.com/common/player/20241021/PmbRC01j/binnekk.png,pubg_players\images\2139.png,Team Flash,PGS APAC Qualifiers 2025 Phase 2,9.0,0.83,145.98,20:55,"[{""year"": 2025, ""team"": ""Team Flash""}, {""year"": 2024, ""team"": ""Reluctant Squad""}, {""year"": 2024, ""team"": ""TDT Esports""}]",https://pubgesports.com/vi/players/2139
2151,Baren,Thanakorn Jarat,Thailand,https://wstatic-prod-boc.krafton.com/common/player/20260804/TozTEfEf/MiTH_Baren.png,pubg_players\images\2151.png,Made in Thailand,2026 PUBG Global Series 7,9.5,0.82,206.44,19:18,"[{""year"": 2026, ""team"": ""Made in Thailand""}, {""year"": 2026, ""team"": ""MiTH""}, {""year"": 2025, ""team"": ""Forest Natural Gaming""}, {""year"": 2025, ""team"": ""Made in Thailand""}, {""year"": 2024, ""team"": ""Forest Natural Gaming""}]",https://pubgesports.com/vi/players/2151
2155,Donzz,Bai Shidong,China,https://wstatic-prod-boc.krafton.com/entry/player/20250321/5WBMqqmE.png,pubg_players\images\2155.png,Team Magic,2025 PUBG Champions League Autumn,8.7,0.95,177.78,19:21,"[{""year"": 2025, ""team"": ""JDG Esports""}, {""year"": 2025, ""team"": ""TAI KU LE""}, {""year"": 2025, ""team"": ""Team Magic""}, {""year"": 2025, ""team"": ""Too Cool""}, {""year"": 2024, ""team"": ""Special Troops Gaming""}]",https://pubgesports.com/vi/players/2155
2158,xboreezyy,Andrey Lavrov,-,https://wstatic-prod.pubgesports.com/web/live/main_216c17e/img/21c48fd.png,pubg_players\images\2158.png,Vorpal Swords,PUBG EMEA Championship: Fall,9.7,0.93,188.12,17:54,"[{""year"": 2025, ""team"": ""Vorpal Swords""}, {""year"": 2024, ""team"": ""BUSINESS""}]",https://pubgesports.com/vi/players/2158
2172,supiocean,Berkay Birben,-,https://wstatic-prod.pubgesports.com/web/live/main_216c17e/img/21c48fd.png,pubg_players\images\2172.png,Creff,PUBG EMEA Championship: Fall,8.9,0.62,152.27,18:53,"[{""year"": 2025, ""team"": ""Creff""}, {""year"": 2024, ""team"": ""ROYALTY""}]",https://pubgesports.com/vi/players/2172
2177,EyeQue,Jayden Luke Horton,-,https://wstatic-prod.pubgesports.com/web/live/main_216c17e/img/21c48fd.png,pubg_players\images\2177.png,DUEL,PUBG Americas Series 6,9.1,0.71,171.36,19:08,"[{""year"": 2025, ""team"": ""DUEL""}, {""year"": 2024, ""team"": ""Elevate""}]",https://pubgesports.com/vi/players/2177
2182,HazzL,Alexander Haslbeck,-,https://wstatic-prod.pubgesports.com/web/live/main_216c17e/img/21c48fd.png,pubg_players\images\2182.png,Collector,PUBG Americas Series 6,9.7,0.75,221.4,18:59,"[{""year"": 2025, ""team"": ""Collector""}, {""year"": 2024, ""team"": ""Orion""}]",https://pubgesports.com/vi/players/2182
2188,Tny7,Antônio Carlos Canuto Silva,-,https://wstatic-prod-boc.krafton.com/common/player/20260804/eAe8T1vq/GodL_Tny7.png,pubg_players\images\2188.png,Godlike,2026 PUBG Global Series 7,11.0,1.17,150.04,18:35,"[{""year"": 2026, ""team"": ""BRAZIL""}, {""year"": 2026, ""team"": ""Godlike""}, {""year"": 2025, ""team"": ""+55 e-Sports""}, {""year"": 2025, ""team"": ""Potentially Dangerous""}, {""year"": 2024, ""team"": ""Potentially Dangerous""}]",https://pubgesports.com/vi/players/2188
2200,fana,João Vitor Almeida,-,https://wstatic-prod-boc.krafton.com/common/player/20260804/46gzOBtA/GodL_fana.png,pubg_players\images\2200.png,Godlike,2026 PUBG Global Series 7,11.0,0.5,172.75,18:16,"[{""year"": 2026, ""team"": ""Godlike""}, {""year"": 2025, ""team"": ""Team MIRA""}, {""year"": 2024, ""team"": ""Working in Silence""}]",https://pubgesports.com/vi/players/2200
2201,soldzzzzX,Ryan Souza de Oliveira,-,https://wstatic-prod-boc.krafton.com/common/player/20250430/sA2MLZNz/soldzzz.png,pubg_players\images\2201.png,ROC Esports,PUBG Global Championship 2025,8.1,0.67,144.11,21:58,"[{""year"": 2025, ""team"": ""ROC Esports""}, {""year"": 2025, ""team"": ""Working in Silence""}, {""year"": 2024, ""team"": ""Working in Silence""}]",https://pubgesports.com/vi/players/2201
2202,Tecnosh,Joseph Edmond Touma Filho,-,https://wstatic-prod.pubgesports.com/web/live/main_216c17e/img/21c48fd.png,pubg_players\images\2202.png,MAXWIN,PUBG Americas Series 6,10.5,0.67,141.24,17:59,"[{""year"": 2025, ""team"": ""MAXWIN""}, {""year"": 2024, ""team"": ""Working in Silence""}]",https://pubgesports.com/vi/players/2202
2209,TARCUS,Taylan Aygun,Türkiye,https://wstatic-prod.pubgesports.com/web/live/main_216c17e/img/21c48fd.png,pubg_players\images\2209.png,010 Esports,PUBG EMEA Championship: Fall,9.9,1.04,194.76,18:58,"[{""year"": 2025, ""team"": ""010 Esports""}, {""year"": 2024, ""team"": ""Quantum Realm""}]",https://pubgesports.com/vi/players/2209
2210,Wave,Go Yeonjun,Korea (the Republic of),https://wstatic-prod.pubgesports.com/web/live/main_216c17e/img/21c48fd.png,pubg_players\images\2210.png,e-sports FROM,2025 PUBG WEEKLY SERIES: Phase 2,,,,-,"[{""year"": 2025, ""team"": ""e-sports FROM""}]",https://pubgesports.com/vi/players/2210
2212,2EZ,Kim Dongwoo,Korea (the Republic of),https://wstatic-prod.pubgesports.com/web/live/main_216c17e/img/21c48fd.png,pubg_players\images\2212.png,Green Tea,2025 PUBG WEEKLY SERIES: Phase 2,9.6,0.6,125.06,18:35,"[{""year"": 2025, ""team"": ""Eagle Owls""}, {""year"": 2025, ""team"": ""Green Tea""}]",https://pubgesports.com/vi/players/2212
2215,Staed,Oleksandr Tymchenko,Ukraine,https://wstatic-prod-boc.krafton.com/common/player/20260804/rHBfMBT0/NMSS_staed.png,pubg_players\images\2215.png,Team Nemesis,2026 PUBG Global Series 7,8.1,1.0,155.45,18:09,"[{""year"": 2026, ""team"": ""Team Nemesis""}, {""year"": 2025, ""team"": ""Natus Vincere""}, {""year"": 2025, ""team"": ""The Myht Of""}]",https://pubgesports.com/vi/players/2215
2217,N4KO,Oh SangJun,Korea (the Republic of),https://wstatic-prod.pubgesports.com/web/live/main_216c17e/img/21c48fd.png,pubg_players\images\2217.png,Green Tea,2025 PUBG WEEKLY SERIES: Phase 2,9.6,0.73,180.74,19:19,"[{""year"": 2025, ""team"": ""Green Tea""}, {""year"": 2025, ""team"": ""Kitsune""}, {""year"": 2025, ""team"": ""SOOP CLAN""}]",https://pubgesports.com/vi/players/2217
2225,JiSung,Kim JiSung,Korea (the Republic of),https://wstatic-prod.pubgesports.com/web/live/main_216c17e/img/21c48fd.png,pubg_players\images\2225.png,Green Tea,2025 PUBG WEEKLY SERIES: Phase 2,9.6,0.4,87.89,19:37,"[{""year"": 2025, ""team"": ""Green Tea""}, {""year"": 2025, ""team"": ""TS""}]",https://pubgesports.com/vi/players/2225
2226,Eseu,Joo JoonHyeok,Korea (the Republic of),https://wstatic-prod.pubgesports.com/web/live/main_216c17e/img/21c48fd.png,pubg_players\images\2226.png,XGZ,2025 PUBG WEEKLY SERIES: Phase 2,,,,-,"[{""year"": 2025, ""team"": ""TS""}, {""year"": 2025, ""team"": ""XGZ""}]",https://pubgesports.com/vi/players/2226
2227,July20th,Kim SeongJu,Korea (the Republic of),https://wstatic-prod.pubgesports.com/web/live/main_216c17e/img/21c48fd.png,pubg_players\images\2227.png,KXGaming,2025 PUBG WEEKLY SERIES: Phase 2,8.3,0.89,208.57,18:51,"[{""year"": 2025, ""team"": ""KXGaming""}, {""year"": 2025, ""team"": ""Plus82""}, {""year"": 2025, ""team"": ""TS""}]",https://pubgesports.com/vi/players/2227
2229,inforyou,Yoo JaeSung,Korea (the Republic of),https://wstatic-prod.pubgesports.com/web/live/main_216c17e/img/21c48fd.png,pubg_players\images\2229.png,TAG,2025 PUBG WEEKLY SERIES: Phase 2,9.9,0.93,150.51,18:23,"[{""year"": 2025, ""team"": ""TAG""}]",https://pubgesports.com/vi/players/2229
2232,FoxVer,Moon HeeJoon,Korea (the Republic of),https://wstatic-prod.pubgesports.com/web/live/main_216c17e/img/21c48fd.png,pubg_players\images\2232.png,Eagle Owls,2025 PUBG WEEKLY SERIES: Phase 2,9.1,0.88,164.54,19:49,"[{""year"": 2025, ""team"": ""Eagle Owls""}, {""year"": 2025, ""team"": ""TAG""}]",https://pubgesports.com/vi/players/2232
2234,Canard,Park TaeWoong,Korea (the Republic of),https://wstatic-prod.pubgesports.com/web/live/main_216c17e/img/21c48fd.png,pubg_players\images\2234.png,Cheon Sang Gye,2025 PUBG WEEKLY SERIES: Phase 2,9.0,1.0,158.88,16:26,"[{""year"": 2025, ""team"": ""Cheon Sang Gye""}, {""year"": 2025, ""team"": ""EODIVA""}]",https://pubgesports.com/vi/players/2234
2236,DoGyeong,Ahn DoGyeong,Korea (the Republic of),https://wstatic-prod.pubgesports.com/web/live/main_216c17e/img/21c48fd.png,pubg_players\images\2236.png,7Royal,2025 PUBG WEEKLY SERIES: Phase 2,11.1,0.56,104.0,14:44,"[{""year"": 2025, ""team"": ""7Royal""}, {""year"": 2025, ""team"": ""EODIVA""}]",https://pubgesports.com/vi/players/2236
2242,Karwn,Kim DoYoon,Korea (the Republic of),https://wstatic-prod-boc.krafton.com/common/player/20251011/S9HUIywQ/fnkarwn.png,pubg_players\images\2242.png,FN Pocheon,PUBG Global Series 10,,,,-,"[{""year"": 2025, ""team"": ""E-STAR""}, {""year"": 2025, ""team"": ""FN Pocheon""}]",https://pubgesports.com/vi/players/2242
2251,Mai,Mai Jianqiang,China,https://wstatic-prod-boc.krafton.com/entry/player/20250321/zWoOwo00.png,pubg_players\images\2251.png,Nirvana Gaming,2025 PUBG Champions League Autumn,8.6,0.63,121.63,19:33,"[{""year"": 2025, ""team"": ""Golden Quester Gaming""}, {""year"": 2025, ""team"": ""Nirvana Gaming""}]",https://pubgesports.com/vi/players/2251
2252,KKong,Huang Zijian,China,https://wstatic-prod-boc.krafton.com/common/player/20260804/eIcUiDeR/TYL_KKong.png,pubg_players\images\2252.png,TYLOO,2026 PUBG Global Series 7,8.5,0.5,100.85,19:52,"[{""year"": 2026, ""team"": ""TYLOO""}, {""year"": 2025, ""team"": ""ON1Y""}, {""year"": 2025, ""team"": ""Team Magic""}]",https://pubgesports.com/vi/players/2252
2254,PeekK1ng,LE Yinghe,China,https://wstatic-prod-boc.krafton.com/common/player/20260317/U8yjIxki/CTG_PeekK1ng.png,pubg_players\images\2254.png,Change The Game,2026 PUBG Global Series 4,,,,-,"[{""year"": 2026, ""team"": ""Change The Game""}, {""year"": 2025, ""team"": ""MuZavi""}, {""year"": 2025, ""team"": ""Team Magic""}]",https://pubgesports.com/vi/players/2254
2255,MMAO,Xiang Shijin,China,https://wstatic-prod-boc.krafton.com/common/player/20260317/hMpaDLhL/CTG_MMAO.png,pubg_players\images\2255.png,Change The Game,2026 PUBG Global Series 6,12.6,0.4,90.37,18:10,"[{""year"": 2026, ""team"": ""Change The Game""}, {""year"": 2025, ""team"": ""Team Magic""}, {""year"": 2025, ""team"": ""TYLOO""}]",https://pubgesports.com/vi/players/2255
2258,DD,Zhang Tianyu,China,https://wstatic-prod-boc.krafton.com/entry/player/20250321/GDdvhBGm.png,pubg_players\images\2258.png,Soy Milk Squad,2025 PUBG Champions League Autumn,8.5,0.9,166.73,19:31,"[{""year"": 2025, ""team"": ""Soy Milk Squad""}]",https://pubgesports.com/vi/players/2258
2259,YangZai,Yang Yang,China,https://wstatic-prod.pubgesports.com/web/live/main_216c17e/img/21c48fd.png,pubg_players\images\2259.png,Ninjas in Pyjamas,2025 PUBG Champions League Autumn,9.3,0.69,146.77,18:16,"[{""year"": 2025, ""team"": ""Ninjas in Pyjamas""}]",https://pubgesports.com/vi/players/2259
2260,Dinopiges,Zhang Qi,China,https://wstatic-prod-boc.krafton.com/entry/player/20250321/02zytEKJ.png,pubg_players\images\2260.png,Papillons Dangereux,Douyu & Huya Summit,11.4,0.25,65.19,15:33,"[{""year"": 2025, ""team"": ""Papillon Dangereux""}, {""year"": 2025, ""team"": ""Papillons Dangereux""}]",https://pubgesports.com/vi/players/2260
2262,JiSibabe,Xie Wenlong,China,https://wstatic-prod-boc.krafton.com/entry/player/20250321/BqcIaCct.png,pubg_players\images\2262.png,Papillons Dangereux,Douyu & Huya Summit,11.4,0.53,119.7,15:06,"[{""year"": 2025, ""team"": ""Papillon Dangereux""}, {""year"": 2025, ""team"": ""Papillons Dangereux""}]",https://pubgesports.com/vi/players/2262
2268,dnL,Daniel Gaspar Rodrigues,-,https://wstatic-prod.pubgesports.com/web/live/main_216c17e/img/21c48fd.png,pubg_players\images\2268.png,NO WAY,PUBG Americas Series 6,12.5,0.33,107.04,14:09,"[{""year"": 2025, ""team"": ""NO WAY""}, {""year"": 2025, ""team"": ""OS AMIGÃO""}, {""year"": 2025, ""team"": ""SAMCRISMO""}]",https://pubgesports.com/vi/players/2268
2275,4EARTH,Luke Miller,-,https://wstatic-prod.pubgesports.com/web/live/main_216c17e/img/21c48fd.png,pubg_players\images\2275.png,Collector,PUBG Americas Series 6,9.7,0.38,98.64,18:03,"[{""year"": 2025, ""team"": ""Collector""}, {""year"": 2025, ""team"": ""DUEL""}]",https://pubgesports.com/vi/players/2275
2291,KaraM,Karam Al Hamra,-,https://wstatic-prod.pubgesports.com/web/live/main_216c17e/img/21c48fd.png,pubg_players\images\2291.png,PEST Control,PUBG Americas Series 6,8.9,1.13,217.29,19:28,"[{""year"": 2025, ""team"": ""4PUSHMEN""}, {""year"": 2025, ""team"": ""GROVE STREET""}, {""year"": 2025, ""team"": ""PEST Control""}]",https://pubgesports.com/vi/players/2291
2293,Parkpro,Park Hyesung,Korea (the Republic of),https://wstatic-prod-boc.krafton.com/common/player/20260804/kk25hV2s/GK_Parkpro.png,pubg_players\images\2293.png,Geekay Esports,2026 PUBG Global Series 7,8.7,1.27,190.39,18:56,"[{""year"": 2026, ""team"": ""Geekay Esports""}, {""year"": 2025, ""team"": ""Baegopa""}]",https://pubgesports.com/vi/players/2293
2294,AKaN,Kim MinUk,Korea (the Republic of),https://wstatic-prod-boc.krafton.com/common/player/20260804/lm6SX324/GK_AkaN.png,pubg_players\images\2294.png,Geekay Esports,2026 PUBG Global Series 7,8.7,1.91,268.16,19:20,"[{""year"": 2026, ""team"": ""Geekay Esports""}, {""year"": 2025, ""team"": ""Baegopa""}]",https://pubgesports.com/vi/players/2294
2299,Xury,Yang WooSeok,Korea (the Republic of),https://wstatic-prod.pubgesports.com/web/live/main_216c17e/img/21c48fd.png,pubg_players\images\2299.png,HPG,2025 PUBG WEEKLY SERIES: Phase 2,10.3,0.44,120.43,17:35,"[{""year"": 2025, ""team"": ""HPG""}, {""year"": 2025, ""team"": ""NopaKu""}]",https://pubgesports.com/vi/players/2299
2320,Bi,Le Hoang Viet Anh,-,https://wstatic-prod.pubgesports.com/web/live/main_216c17e/img/21c48fd.png,pubg_players\images\2320.png,Team Flash,PGS APAC Qualifiers 2025 Phase 2,,,,-,"[{""year"": 2025, ""team"": ""Team Flash""}]",https://pubgesports.com/vi/players/2320
2321,Marcus,Vo Minh Huy,-,https://wstatic-prod.pubgesports.com/web/live/main_216c17e/img/21c48fd.png,pubg_players\images\2321.png,WinD Esport,PGS APAC Qualifiers 2025 Phase 2,9.8,1.1,184.54,19:13,"[{""year"": 2025, ""team"": ""WinD Esport""}, {""year"": 2025, ""team"": ""WinD Gaming""}]",https://pubgesports.com/vi/players/2321
2324,CurT,Phan Tien Dat,-,https://wstatic-prod.pubgesports.com/web/live/main_216c17e/img/21c48fd.png,pubg_players\images\2324.png,Armory Gaming,PGS APAC Qualifiers 2025 Phase 2,10.3,0.62,145.02,19:18,"[{""year"": 2025, ""team"": ""Armory Gaming""}, {""year"": 2025, ""team"": ""MG Gaming""}]",https://pubgesports.com/vi/players/2324
2327,10trip,John Emmanuelle Decipulo,Philippines,https://wstatic-prod-boc.krafton.com/common/player/20250718/GhBQVGKh/10trip.png,pubg_players\images\2327.png,Happie SQUAD,PGS APAC Qualifiers 2025 Phase 2,9.5,0.88,174.21,19:26,"[{""year"": 2025, ""team"": ""HAPPIE SQUAD""}, {""year"": 2025, ""team"": ""PHILIPPINES""}]",https://pubgesports.com/vi/players/2327
2331,Setsunaa,DEFRI DWI ANGGA HERMAWAN,Indonesia,https://wstatic-prod.pubgesports.com/web/live/main_216c17e/img/21c48fd.png,pubg_players\images\2331.png,Shadow Esport,ESPORTS WORLD CUP 2026,9.3,0.67,121.29,18:35,"[{""year"": 2026, ""team"": ""INDONESIA""}, {""year"": 2026, ""team"": ""Shadow Esports""}, {""year"": 2025, ""team"": ""INDONESIA""}, {""year"": 2025, ""team"": ""ROY Esports""}, {""year"": 2025, ""team"": ""Shadow Esport""}]",https://pubgesports.com/vi/players/2331
2342,marcis13,Mārcis Petjukevičs,-,https://wstatic-prod.pubgesports.com/web/live/main_216c17e/img/21c48fd.png,pubg_players\images\2342.png,Circus Crew,PUBG EMEA Championship: Fall,9.1,1.12,204.86,19:49,"[{""year"": 2025, ""team"": ""Circus Crew""}, {""year"": 2025, ""team"": ""Hypebeasts & Co""}]",https://pubgesports.com/vi/players/2342
2347,DaQuel,Oğuzhan Yıldırım,-,https://wstatic-prod.pubgesports.com/web/live/main_216c17e/img/21c48fd.png,pubg_players\images\2347.png,Creff,PUBG EMEA Championship: Fall,8.9,0.57,138.26,19:29,"[{""year"": 2025, ""team"": ""Creff""}]",https://pubgesports.com/vi/players/2347
2348,Zuveris,Atakan Anıl Ateş,-,https://wstatic-prod.pubgesports.com/web/live/main_216c17e/img/21c48fd.png,pubg_players\images\2348.png,Creff,PUBG EMEA Championship: Fall,8.9,0.57,166.0,19:24,"[{""year"": 2025, ""team"": ""Creff""}]",https://pubgesports.com/vi/players/2348
2351,NEEDEX,Matéo Maitrejean,France,https://wstatic-prod-boc.krafton.com/common/player/20250719/QQCm2egD/needex.png,pubg_players\images\2351.png,Aurora,PGS APAC Qualifiers 2025 Phase 2,8.9,0.5,191.68,19:59,"[{""year"": 2025, ""team"": ""Aurora""}, {""year"": 2025, ""team"": ""FRANCE""}, {""year"": 2025, ""team"": ""The Myth Of""}]",https://pubgesports.com/vi/players/2351
2354,flusha,Kim GeonBeom,Korea (the Republic of),https://wstatic-prod.pubgesports.com/web/live/main_216c17e/img/21c48fd.png,pubg_players\images\2354.png,SUPERFECT Academy,2025 PUBG WEEKLY SERIES: Phase 2,9.1,0.81,180.44,18:57,"[{""year"": 2025, ""team"": ""SUPERFECT Academy""}, {""year"": 2025, ""team"": ""Viper X""}, {""year"": 2025, ""team"": ""Xtra Force""}]",https://pubgesports.com/vi/players/2354
2355,Freaky,Park MinSeo,Korea (the Republic of),https://wstatic-prod.pubgesports.com/web/live/main_216c17e/img/21c48fd.png,pubg_players\images\2355.png,MuZaVi,2025 PUBG WEEKLY SERIES: Phase 2,8.7,1.22,159.71,18:17,"[{""year"": 2025, ""team"": ""IFYOUMINE GAME PT""}, {""year"": 2025, ""team"": ""MuZavi""}]",https://pubgesports.com/vi/players/2355
2356,muel,Won Samuel,Korea (the Republic of),https://wstatic-prod.pubgesports.com/web/live/main_216c17e/img/21c48fd.png,pubg_players\images\2356.png,MuZaVi,2025 PUBG WEEKLY SERIES: Phase 2,8.7,1.0,238.94,16:50,"[{""year"": 2025, ""team"": ""MuZavi""}]",https://pubgesports.com/vi/players/2356
2357,DORI,Kim DoHyeon,Korea (the Republic of),https://wstatic-prod.pubgesports.com/web/live/main_216c17e/img/21c48fd.png,pubg_players\images\2357.png,MuZaVi,2025 PUBG WEEKLY SERIES: Phase 2,,,,-,"[{""year"": 2025, ""team"": ""MuZavi""}]",https://pubgesports.com/vi/players/2357
2372,heyden,Kim YuMin,Korea (the Republic of),https://wstatic-prod.pubgesports.com/web/live/main_216c17e/img/21c48fd.png,pubg_players\images\2372.png,GOGOPUSH,2025 PUBG WEEKLY SERIES: Phase 2,9.1,0.73,132.86,18:30,"[{""year"": 2025, ""team"": ""GOGOPUSH""}, {""year"": 2025, ""team"": ""ProDreamEsports""}, {""year"": 2025, ""team"": ""Team Bible""}]",https://pubgesports.com/vi/players/2372
2379,Shy,Lee Dong-Hyeon,-,https://wstatic-prod.pubgesports.com/web/live/main_216c17e/img/21c48fd.png,pubg_players\images\2379.png,Green Tea,2025 PUBG WEEKLY SERIES: Phase 2,9.6,0.5,138.1,19:09,"[{""year"": 2025, ""team"": ""Green Tea""}, {""year"": 2025, ""team"": ""TS""}]",https://pubgesports.com/vi/players/2379
2382,GGoBuGi,Kim SangTaek,Korea (the Republic of),https://wstatic-prod.pubgesports.com/web/live/main_216c17e/img/21c48fd.png,pubg_players\images\2382.png,GNL ESPORTS,2025 PUBG WEEKLY SERIES: Phase 2,8.0,1.02,184.85,19:04,"[{""year"": 2025, ""team"": ""GNL ESPORTS""}]",https://pubgesports.com/vi/players/2382
2385,Fairy,No GiRim,Korea (the Republic of),https://wstatic-prod.pubgesports.com/web/live/main_216c17e/img/21c48fd.png,pubg_players\images\2385.png,IFYOUMINE GAME PT,2025 PUBG WEEKLY SERIES: Phase 2,8.0,1.41,279.36,21:01,"[{""year"": 2025, ""team"": ""IFYOUMINE GAME PT""}]",https://pubgesports.com/vi/players/2385
2387,Morek,Hwang SeungWon,Korea (the Republic of),https://wstatic-prod.pubgesports.com/web/live/main_216c17e/img/21c48fd.png,pubg_players\images\2387.png,MuZaVi,2025 PUBG WEEKLY SERIES: Phase 2,8.7,1.22,169.42,19:18,"[{""year"": 2025, ""team"": ""MuZavi""}, {""year"": 2025, ""team"": ""SENTINEL""}]",https://pubgesports.com/vi/players/2387
2391,MongJJin,Unknown,Korea (the Republic of),https://wstatic-prod.pubgesports.com/web/live/main_216c17e/img/21c48fd.png,pubg_players\images\2391.png,Eagle Owls,2025 PUBG WEEKLY SERIES: Phase 2,,,,-,"[{""year"": 2025, ""team"": ""Eagle Owls""}, {""year"": 2025, ""team"": ""Green Tea""}]",https://pubgesports.com/vi/players/2391
2394,SINGAM,Unknown,Korea (the Republic of),https://wstatic-prod.pubgesports.com/web/live/main_216c17e/img/21c48fd.png,pubg_players\images\2394.png,KXGaming,2025 PUBG WEEKLY SERIES: Phase 2,8.3,1.01,120.87,20:05,"[{""year"": 2025, ""team"": ""KXGaming""}, {""year"": 2025, ""team"": ""Plus82""}]",https://pubgesports.com/vi/players/2394
2396,Geunwon,Unknown,Korea (the Republic of),https://wstatic-prod.pubgesports.com/web/live/main_216c17e/img/21c48fd.png,pubg_players\images\2396.png,GNL ESPORTS,2025 PUBG WEEKLY SERIES: Phase 2,8.0,0.87,236.41,19:01,"[{""year"": 2025, ""team"": ""GNL ESPORTS""}, {""year"": 2025, ""team"": ""Star Balloon""}]",https://pubgesports.com/vi/players/2396
2399,Serenity,Kim Kangyeon,Korea (the Republic of),https://wstatic-prod.pubgesports.com/web/live/main_216c17e/img/21c48fd.png,pubg_players\images\2399.png,ProDreamEsports,2025 PUBG WEEKLY SERIES: Phase 2,12.0,0.67,159.86,13:09,"[{""year"": 2025, ""team"": ""ProDreamEsports""}, {""year"": 2025, ""team"": ""Xtra Force""}]",https://pubgesports.com/vi/players/2399
2400,vilo,Jeon Inchan,Korea (the Republic of),https://wstatic-prod.pubgesports.com/web/live/main_216c17e/img/21c48fd.png,pubg_players\images\2400.png,Sentinel,2025 PUBG WEEKLY SERIES: Phase 2,8.5,0.64,128.28,20:00,"[{""year"": 2025, ""team"": ""Cheon Sang Gye""}, {""year"": 2025, ""team"": ""Sentinel""}]",https://pubgesports.com/vi/players/2400
2401,Strybs,Jeong Taegyeong,Korea (the Republic of),https://wstatic-prod.pubgesports.com/web/live/main_216c17e/img/21c48fd.png,pubg_players\images\2401.png,Cheon Sang Gye,2025 PUBG WEEKLY SERIES: Phase 2,9.0,0.28,97.08,17:38,"[{""year"": 2025, ""team"": ""Cheon Sang Gye""}]",https://pubgesports.com/vi/players/2401
2404,kalterRR,Dmitrii Bykov,-,https://wstatic-prod.pubgesports.com/web/live/main_216c17e/img/21c48fd.png,pubg_players\images\2404.png,Hive,PUBG EMEA Championship: Fall,,,,-,"[{""year"": 2025, ""team"": ""HiVE""}]",https://pubgesports.com/vi/players/2404
2405,boost1k-,Artem Tsvihun,-,https://wstatic-prod-boc.krafton.com/common/player/20260804/ofjNxJed/NAVI_boost1k.png,pubg_players\images\2405.png,Natus Vincere,2026 PUBG Global Series 7,9.2,0.36,174.41,18:39,"[{""year"": 2026, ""team"": ""Natus Vincere""}, {""year"": 2026, ""team"": ""UKRAINE""}, {""year"": 2025, ""team"": ""SLAMG""}, {""year"": 2025, ""team"": ""Team Orchid""}]",https://pubgesports.com/vi/players/2405
2409,Nod1,Dino Mehic,-,https://wstatic-prod.pubgesports.com/web/live/main_216c17e/img/21c48fd.png,pubg_players\images\2409.png,Joga Bonito,PUBG EMEA Championship: Fall,9.2,0.5,147.95,17:38,"[{""year"": 2025, ""team"": ""Joga Bonito""}, {""year"": 2025, ""team"": ""Redline""}]",https://pubgesports.com/vi/players/2409
2417,annico,Nico Beerlage,-,https://wstatic-prod.pubgesports.com/web/live/main_216c17e/img/21c48fd.png,pubg_players\images\2417.png,Acend,PUBG EMEA Championship: Fall,8.7,0.93,164.74,20:47,"[{""year"": 2025, ""team"": ""Acend""}, {""year"": 2025, ""team"": ""Vuptrox""}]",https://pubgesports.com/vi/players/2417
2420,FloryZ,Nevzat Yalçınkaya,-,https://wstatic-prod.pubgesports.com/web/live/main_216c17e/img/21c48fd.png,pubg_players\images\2420.png,010 Esports,PUBG EMEA Championship: Fall,9.9,0.46,150.56,17:03,"[{""year"": 2025, ""team"": ""010 Esports""}]",https://pubgesports.com/vi/players/2420
2422,kHRysTaLNi,Nemanja Jankovic,-,https://wstatic-prod.pubgesports.com/web/live/main_216c17e/img/21c48fd.png,pubg_players\images\2422.png,Joga Bonito,PUBG EMEA Championship: Fall,9.2,1.07,207.0,18:51,"[{""year"": 2025, ""team"": ""4PUSHMEN""}, {""year"": 2025, ""team"": ""Joga Bonito""}]",https://pubgesports.com/vi/players/2422
2443,s1nglee7b,Bruno Henrique Ribeiro Roma,-,https://wstatic-prod.pubgesports.com/web/live/main_216c17e/img/21c48fd.png,pubg_players\images\2443.png,YING YANG,PUBG Americas Series 6,,,,-,"[{""year"": 2025, ""team"": ""YING YANG""}]",https://pubgesports.com/vi/players/2443
2444,czn11,Cezar Augusto Mansano Gomes,-,https://wstatic-prod.pubgesports.com/web/live/main_216c17e/img/21c48fd.png,pubg_players\images\2444.png,YING YANG,PUBG Americas Series 6,,,,-,"[{""year"": 2025, ""team"": ""YING YANG""}]",https://pubgesports.com/vi/players/2444
2445,OhNytavoN,Vitor Emanuel Neves Francelino,-,https://wstatic-prod.pubgesports.com/web/live/main_216c17e/img/21c48fd.png,pubg_players\images\2445.png,Potentially Dangerous,PUBG Americas Series 6,7.2,0.93,170.82,22:26,"[{""year"": 2025, ""team"": ""Potentially Dangerous""}]",https://pubgesports.com/vi/players/2445
2450,Toxic,Alison Fernando de Carvalho,-,https://wstatic-prod.pubgesports.com/web/live/main_216c17e/img/21c48fd.png,pubg_players\images\2450.png,+55 e-Sports,PUBG Americas Series 6,,,,-,"[{""year"": 2025, ""team"": ""+55 e-Sports""}]",https://pubgesports.com/vi/players/2450
2452,SakuraSinon,Wang Yi,China,https://wstatic-prod.pubgesports.com/web/live/main_216c17e/img/21c48fd.png,pubg_players\images\2452.png,Golden Quester Gaming,2025 PUBG Champions League Autumn,,,,-,"[{""year"": 2025, ""team"": ""Golden Quester Gaming""}]",https://pubgesports.com/vi/players/2452
2453,PsychoZ_NRG,Feng Zhongran,China,https://wstatic-prod.pubgesports.com/web/live/main_216c17e/img/21c48fd.png,pubg_players\images\2453.png,Dream Set Sail,2025 PUBG Champions League Autumn,10.2,0.72,136.41,18:42,"[{""year"": 2025, ""team"": ""Dream Set Sail""}, {""year"": 2025, ""team"": ""SOY MILK SQUAD""}]",https://pubgesports.com/vi/players/2453
2454,2hAns,Kuang Yongzhan,China,https://wstatic-prod.pubgesports.com/web/live/main_216c17e/img/21c48fd.png,pubg_players\images\2454.png,Game start win,PUBG Global Championship 2025,,,,-,"[{""year"": 2025, ""team"": ""GAME START WIN""}]",https://pubgesports.com/vi/players/2454
2455,Shan,Leng Dashan,China,https://wstatic-prod.pubgesports.com/web/live/main_216c17e/img/21c48fd.png,pubg_players\images\2455.png,Nirvana Gaming,2025 PUBG Champions League Autumn,8.6,0.58,145.42,18:56,"[{""year"": 2025, ""team"": ""Nirvana Gaming""}]",https://pubgesports.com/vi/players/2455
2456,MT,Shen Jiaxin,China,https://wstatic-prod.pubgesports.com/web/live/main_216c17e/img/21c48fd.png,pubg_players\images\2456.png,The Chosen Youth,2025 PUBG Champions League Autumn,9.8,0.88,148.84,19:00,"[{""year"": 2025, ""team"": ""The Chosen Youth""}]",https://pubgesports.com/vi/players/2456
2457,RKBro,Zhang Shuang,China,https://wstatic-prod.pubgesports.com/web/live/main_216c17e/img/21c48fd.png,pubg_players\images\2457.png,The Chosen Youth,2025 PUBG Champions League Autumn,9.8,0.38,145.61,18:43,"[{""year"": 2025, ""team"": ""The Chosen Youth""}]",https://pubgesports.com/vi/players/2457
2458,nanss,Zhou BangNan,China,https://wstatic-prod-boc.krafton.com/common/player/20260317/GJmQTD7h/JDG_nanss.png,pubg_players\images\2458.png,JD Gaming,2026 PUBG Global Series 7,6.3,0.91,170.3,21:40,"[{""year"": 2026, ""team"": ""JD Gaming""}, {""year"": 2025, ""team"": ""EDWARD GAMING""}, {""year"": 2025, ""team"": ""The Chosen Youth""}]",https://pubgesports.com/vi/players/2458
2459,Xnan,Ni Nanxin,China,https://wstatic-prod.pubgesports.com/web/live/main_216c17e/img/21c48fd.png,pubg_players\images\2459.png,LvErGaming,2025 PUBG Champions League Autumn,9.6,0.75,183.68,19:15,"[{""year"": 2025, ""team"": ""Lv Er Gaming""}, {""year"": 2025, ""team"": ""LvErGaming""}]",https://pubgesports.com/vi/players/2459
2460,Remain,Zhang Xiaoyu,China,https://wstatic-prod.pubgesports.com/web/live/main_216c17e/img/21c48fd.png,pubg_players\images\2460.png,BBT,2025 PUBG Champions League Autumn,9.5,0.5,104.82,17:37,"[{""year"": 2025, ""team"": ""085Gaming""}, {""year"": 2025, ""team"": ""BBT""}]",https://pubgesports.com/vi/players/2460
2462,x1aoa1llll,Li Jianping,China,https://wstatic-prod.pubgesports.com/web/live/main_216c17e/img/21c48fd.png,pubg_players\images\2462.png,ON1Y,Douyu & Huya Summit,9.9,0.32,97.3,18:26,"[{""year"": 2025, ""team"": ""On1y""}]",https://pubgesports.com/vi/players/2462
2463,MAMAMOO,Wang Xugao,China,https://wstatic-prod.pubgesports.com/web/live/main_216c17e/img/21c48fd.png,pubg_players\images\2463.png,ON1Y,Douyu & Huya Summit,9.9,0.21,106.55,18:03,"[{""year"": 2025, ""team"": ""On1y""}]",https://pubgesports.com/vi/players/2463
2464,Rouy1x,Su Shengguo,China,https://wstatic-prod.pubgesports.com/web/live/main_216c17e/img/21c48fd.png,pubg_players\images\2464.png,ON1Y,Douyu & Huya Summit,9.8,0.36,77.77,18:02,"[{""year"": 2025, ""team"": ""On1y""}]",https://pubgesports.com/vi/players/2464
2465,X1ao6,Long Shaohua,China,https://wstatic-prod.pubgesports.com/web/live/main_216c17e/img/21c48fd.png,pubg_players\images\2465.png,ON1Y,Douyu & Huya Summit,9.9,0.44,96.31,18:16,"[{""year"": 2025, ""team"": ""On1y""}]",https://pubgesports.com/vi/players/2465
2497,Lowji,Nguyen Hoang Loi,-,https://wstatic-prod.pubgesports.com/web/live/main_216c17e/img/21c48fd.png,pubg_players\images\2497.png,Fight For Life,PGS APAC Qualifiers 2025 Phase 2,11.3,0.39,124.13,18:07,"[{""year"": 2025, ""team"": ""Fight For Life""}, {""year"": 2025, ""team"": ""Zoo team""}]",https://pubgesports.com/vi/players/2497
2501,bRidgee,Brigitte Rosario,-,https://wstatic-prod.pubgesports.com/web/live/main_216c17e/img/21c48fd.png,pubg_players\images\2501.png,Happie SQUAD,PGS APAC Qualifiers 2025 Phase 2,,,,-,"[{""year"": 2025, ""team"": ""HAPPIE SQUAD""}]",https://pubgesports.com/vi/players/2501
2504,Alex,Alexander Crone,-,https://wstatic-prod.pubgesports.com/web/live/main_216c17e/img/21c48fd.png,pubg_players\images\2504.png,Justice For Tomorrow Esports,PGS APAC Qualifiers 2025 Phase 2,,,,-,"[{""year"": 2025, ""team"": ""Justice For Tomorrow Esports""}]",https://pubgesports.com/vi/players/2504
2526,Ryan,Son Jeongmin,Korea (the Republic of),https://wstatic-prod.pubgesports.com/web/live/main_216c17e/img/21c48fd.png,pubg_players\images\2526.png,Sentinel,2025 PUBG WEEKLY SERIES: Phase 2,,,,-,"[{""year"": 2025, ""team"": ""Sentinel""}]",https://pubgesports.com/vi/players/2526
2527,ACT,Ko Mingyu,-,https://wstatic-prod.pubgesports.com/web/live/main_216c17e/img/21c48fd.png,pubg_players\images\2527.png,GOGOPUSH,2025 PUBG WEEKLY SERIES: Phase 2,8.1,0.67,89.7,19:50,"[{""year"": 2025, ""team"": ""GOGOPUSH""}]",https://pubgesports.com/vi/players/2527
2529,LePol,Kang Seungmin,Korea (the Republic of),https://wstatic-prod.pubgesports.com/web/live/main_216c17e/img/21c48fd.png,pubg_players\images\2529.png,MAYBE,2025 PUBG WEEKLY SERIES: Phase 2,8.7,0.78,127.36,17:09,"[{""year"": 2025, ""team"": ""MAYBE""}]",https://pubgesports.com/vi/players/2529
2530,Lemonade,Jang Jiwoong,Korea (the Republic of),https://wstatic-prod.pubgesports.com/web/live/main_216c17e/img/21c48fd.png,pubg_players\images\2530.png,MAYBE,2025 PUBG WEEKLY SERIES: Phase 2,10.5,1.5,203.7,13:32,"[{""year"": 2025, ""team"": ""MAYBE""}]",https://pubgesports.com/vi/players/2530
2531,Dolhareubang,Kwon Doyeop,Korea (the Republic of),https://wstatic-prod.pubgesports.com/web/live/main_216c17e/img/21c48fd.png,pubg_players\images\2531.png,MAYBE,2025 PUBG WEEKLY SERIES: Phase 2,8.7,0.44,118.59,17:57,"[{""year"": 2025, ""team"": ""MAYBE""}]",https://pubgesports.com/vi/players/2531
2532,OneQ,Kim Gidae,Korea (the Republic of),https://wstatic-prod.pubgesports.com/web/live/main_216c17e/img/21c48fd.png,pubg_players\images\2532.png,MAYBE,2025 PUBG WEEKLY SERIES: Phase 2,10.5,0.17,72.53,14:56,"[{""year"": 2025, ""team"": ""MAYBE""}]",https://pubgesports.com/vi/players/2532
2533,snowfake,Won Dohyun,Korea (the Republic of),https://wstatic-prod.pubgesports.com/web/live/main_216c17e/img/21c48fd.png,pubg_players\images\2533.png,TAG,2025 PUBG WEEKLY SERIES: Phase 2,9.9,1.12,191.11,17:39,"[{""year"": 2025, ""team"": ""TAG""}]",https://pubgesports.com/vi/players/2533
2534,soft,Hwang Jeongbin,Korea (the Republic of),https://wstatic-prod.pubgesports.com/web/live/main_216c17e/img/21c48fd.png,pubg_players\images\2534.png,TAG,2025 PUBG WEEKLY SERIES: Phase 2,9.9,0.71,124.37,16:50,"[{""year"": 2025, ""team"": ""TAG""}]",https://pubgesports.com/vi/players/2534
2535,flash_kr,Jo Mingyo,Korea (the Republic of),https://wstatic-prod.pubgesports.com/web/live/main_216c17e/img/21c48fd.png,pubg_players\images\2535.png,TAG,2025 PUBG WEEKLY SERIES: Phase 2,10.0,0.9,133.05,18:32,"[{""year"": 2025, ""team"": ""TAG""}]",https://pubgesports.com/vi/players/2535
2536,Nation,Lee Sunjae,Korea (the Republic of),https://wstatic-prod.pubgesports.com/web/live/main_216c17e/img/21c48fd.png,pubg_players\images\2536.png,7Royal,2025 PUBG WEEKLY SERIES: Phase 2,11.0,0.33,95.19,17:18,"[{""year"": 2025, ""team"": ""7Royal""}]",https://pubgesports.com/vi/players/2536
2537,TIGHT,Kim Jihoon,Korea (the Republic of),https://wstatic-prod.pubgesports.com/web/live/main_216c17e/img/21c48fd.png,pubg_players\images\2537.png,7Royal,2025 PUBG WEEKLY SERIES: Phase 2,11.0,0.5,114.59,17:21,"[{""year"": 2025, ""team"": ""7Royal""}]",https://pubgesports.com/vi/players/2537
2538,Chidori,Lee Jeongseop,Korea (the Republic of),https://wstatic-prod.pubgesports.com/web/live/main_216c17e/img/21c48fd.png,pubg_players\images\2538.png,7Royal,2025 PUBG WEEKLY SERIES: Phase 2,11.1,0.33,67.36,14:54,"[{""year"": 2025, ""team"": ""7Royal""}]",https://pubgesports.com/vi/players/2538
2539,Lucid,Park Joonbin,Korea (the Republic of),https://wstatic-prod.pubgesports.com/web/live/main_216c17e/img/21c48fd.png,pubg_players\images\2539.png,ProDreamEsports,2025 PUBG WEEKLY SERIES: Phase 2,9.5,1.0,202.14,16:39,"[{""year"": 2025, ""team"": ""ProDreamEsports""}]",https://pubgesports.com/vi/players/2539
2540,CHAMA,Yoo Seongjin,Korea (the Republic of),https://wstatic-prod.pubgesports.com/web/live/main_216c17e/img/21c48fd.png,pubg_players\images\2540.png,ProDreamEsports,2025 PUBG WEEKLY SERIES: Phase 2,9.8,1.22,195.16,18:27,"[{""year"": 2025, ""team"": ""ProDreamEsports""}]",https://pubgesports.com/vi/players/2540
2541,woo,Jang Kunwoo,Korea (the Republic of),https://wstatic-prod.pubgesports.com/web/live/main_216c17e/img/21c48fd.png,pubg_players\images\2541.png,ProDreamEsports,2025 PUBG WEEKLY SERIES: Phase 2,9.5,0.92,222.16,18:01,"[{""year"": 2025, ""team"": ""ProDreamEsports""}]",https://pubgesports.com/vi/players/2541
2542,isnhwa,Hyun Jiwon,Korea (the Republic of),https://wstatic-prod.pubgesports.com/web/live/main_216c17e/img/21c48fd.png,pubg_players\images\2542.png,ProDreamEsports,-,,,,-,[],https://pubgesports.com/vi/players/2542
2544,JCx1121_SK,Chen Hao,China,https://wstatic-prod.pubgesports.com/web/live/main_216c17e/img/21c48fd.png,pubg_players\images\2544.png,HALOQUEEN,2025 PUBG Champions League Autumn,10.9,0.44,96.24,17:43,"[{""year"": 2025, ""team"": ""HALOQUEEN""}]",https://pubgesports.com/vi/players/2544
2545,xxy_SK,Zhang Shengyu,China,https://wstatic-prod.pubgesports.com/web/live/main_216c17e/img/21c48fd.png,pubg_players\images\2545.png,HALOQUEEN,2025 PUBG Champions League Autumn,10.9,0.36,62.87,17:05,"[{""year"": 2025, ""team"": ""HALOQUEEN""}]",https://pubgesports.com/vi/players/2545
2546,L1Yapi_SK,Li Yapeng,China,https://wstatic-prod.pubgesports.com/web/live/main_216c17e/img/21c48fd.png,pubg_players\images\2546.png,HALOQUEEN,2025 PUBG Champions League Autumn,10.9,0.75,136.92,18:22,"[{""year"": 2025, ""team"": ""HALOQUEEN""}]",https://pubgesports.com/vi/players/2546
2547,JinKuCcc_SK,He Jinku,China,https://wstatic-prod.pubgesports.com/web/live/main_216c17e/img/21c48fd.png,pubg_players\images\2547.png,HALOQUEEN,2025 PUBG Champions League Autumn,,,,-,"[{""year"": 2025, ""team"": ""HALOQUEEN""}]",https://pubgesports.com/vi/players/2547
2548,ixTang_SK,Tang Xuejun,China,https://wstatic-prod.pubgesports.com/web/live/main_216c17e/img/21c48fd.png,pubg_players\images\2548.png,HALOQUEEN,2025 PUBG Champions League Autumn,13.2,0.08,36.07,13:45,"[{""year"": 2025, ""team"": ""HALOQUEEN""}]",https://pubgesports.com/vi/players/2548
2549,stb_SK,Song Jiapeng,China,https://wstatic-prod.pubgesports.com/web/live/main_216c17e/img/21c48fd.png,pubg_players\images\2549.png,HALOQUEEN,2025 PUBG Champions League Autumn,9.8,0.33,70.83,18:37,"[{""year"": 2025, ""team"": ""HALOQUEEN""}]",https://pubgesports.com/vi/players/2549
2550,la1yun,Bei Xiaoyu,China,https://wstatic-prod.pubgesports.com/web/live/main_216c17e/img/21c48fd.png,pubg_players\images\2550.png,Soy Milk Squad,2025 PUBG Champions League Autumn,8.8,0.51,94.18,19:29,"[{""year"": 2025, ""team"": ""Soy Milk Squad""}]",https://pubgesports.com/vi/players/2550
2551,77Aws,Wang Yulei,China,https://wstatic-prod.pubgesports.com/web/live/main_216c17e/img/21c48fd.png,pubg_players\images\2551.png,The Chosen Youth,2025 PUBG Champions League Autumn,9.8,0.57,110.32,19:20,"[{""year"": 2025, ""team"": ""The Chosen Youth""}]",https://pubgesports.com/vi/players/2551
2552,818,Deng Shuo,China,https://wstatic-prod.pubgesports.com/web/live/main_216c17e/img/21c48fd.png,pubg_players\images\2552.png,Jian Rong Gaming,2025 PUBG Champions League Autumn,9.0,0.33,175.25,19:33,"[{""year"": 2025, ""team"": ""Jian Rong Gaming""}]",https://pubgesports.com/vi/players/2552
2553,Hea1er_NRG,Wang Hongyao,China,https://wstatic-prod.pubgesports.com/web/live/main_216c17e/img/21c48fd.png,pubg_players\images\2553.png,Dream Set Sail,2025 PUBG Champions League Autumn,10.2,0.33,126.06,18:28,"[{""year"": 2025, ""team"": ""Dream Set Sail""}]",https://pubgesports.com/vi/players/2553
2554,Luxus_NRG,Ke Lang,China,https://wstatic-prod.pubgesports.com/web/live/main_216c17e/img/21c48fd.png,pubg_players\images\2554.png,Dream Set Sail,2025 PUBG Champions League Autumn,9.8,0.42,126.61,19:22,"[{""year"": 2025, ""team"": ""Dream Set Sail""}]",https://pubgesports.com/vi/players/2554
2555,Lu_NRG,Lu Jiahao,China,https://wstatic-prod.pubgesports.com/web/live/main_216c17e/img/21c48fd.png,pubg_players\images\2555.png,Dream Set Sail,2025 PUBG Champions League Autumn,11.0,0.17,74.42,16:25,"[{""year"": 2025, ""team"": ""Dream Set Sail""}]",https://pubgesports.com/vi/players/2555
2556,KeyS,Jia Zeqiao,China,https://wstatic-prod.pubgesports.com/web/live/main_216c17e/img/21c48fd.png,pubg_players\images\2556.png,LvErGaming,2025 PUBG Champions League Autumn,9.6,0.68,140.94,18:34,"[{""year"": 2025, ""team"": ""Lv Er Gaming""}]",https://pubgesports.com/vi/players/2556
2557,HS01,Ding Pengyu,China,https://wstatic-prod.pubgesports.com/web/live/main_216c17e/img/21c48fd.png,pubg_players\images\2557.png,Ninjas in Pyjamas,2025 PUBG Champions League Autumn,9.3,0.44,127.72,18:08,"[{""year"": 2025, ""team"": ""Ninjas in Pyjamas""}]",https://pubgesports.com/vi/players/2557
2558,RuiRui,Liu Rui,China,https://wstatic-prod.pubgesports.com/web/live/main_216c17e/img/21c48fd.png,pubg_players\images\2558.png,Ninjas in Pyjamas,2025 PUBG Champions League Autumn,9.3,0.44,119.96,18:58,"[{""year"": 2025, ""team"": ""Ninjas in Pyjamas""}]",https://pubgesports.com/vi/players/2558
2559,zitong,Zhang Yipeng,China,https://wstatic-prod.pubgesports.com/web/live/main_216c17e/img/21c48fd.png,pubg_players\images\2559.png,Rainbow Style,2025 PUBG Champions League Autumn,9.9,0.53,120.79,18:17,"[{""year"": 2025, ""team"": ""Rainbow Style""}]",https://pubgesports.com/vi/players/2559
2560,Sunsky,Wang Haoran,China,https://wstatic-prod.pubgesports.com/web/live/main_216c17e/img/21c48fd.png,pubg_players\images\2560.png,BBT,2025 PUBG Champions League Autumn,,,,-,"[{""year"": 2025, ""team"": ""BBT""}]",https://pubgesports.com/vi/players/2560
2561,smile,Liang Yanhao,China,https://wstatic-prod.pubgesports.com/web/live/main_216c17e/img/21c48fd.png,pubg_players\images\2561.png,BBT,2025 PUBG Champions League Autumn,9.5,0.36,105.84,19:15,"[{""year"": 2025, ""team"": ""BBT""}]",https://pubgesports.com/vi/players/2561
2562,FFengBB,Jiang Haoxiang,China,https://wstatic-prod.pubgesports.com/web/live/main_216c17e/img/21c48fd.png,pubg_players\images\2562.png,BBT,2025 PUBG Champions League Autumn,9.5,0.33,102.75,18:33,"[{""year"": 2025, ""team"": ""BBT""}]",https://pubgesports.com/vi/players/2562
2563,yangzhao,Yang Xuexiang,China,https://wstatic-prod.pubgesports.com/web/live/main_216c17e/img/21c48fd.png,pubg_players\images\2563.png,BBT,2025 PUBG Champions League Autumn,,,,-,"[{""year"": 2025, ""team"": ""BBT""}]",https://pubgesports.com/vi/players/2563
2564,Dafa,Ji Ke Sefa,China,https://wstatic-prod.pubgesports.com/web/live/main_216c17e/img/21c48fd.png,pubg_players\images\2564.png,Team Magic,2025 PUBG Champions League Autumn,,,,-,"[{""year"": 2025, ""team"": ""Team Magic""}]",https://pubgesports.com/vi/players/2564
2565,zzhu,Mu Junyu,China,https://wstatic-prod.pubgesports.com/web/live/main_216c17e/img/21c48fd.png,pubg_players\images\2565.png,Sunny,2025 PUBG Champions League Autumn,9.5,0.71,160.32,20:03,"[{""year"": 2025, ""team"": ""Sunny""}]",https://pubgesports.com/vi/players/2565
2566,Zeroo,Cao Yang,China,https://wstatic-prod.pubgesports.com/web/live/main_216c17e/img/21c48fd.png,pubg_players\images\2566.png,Sunny,2025 PUBG Champions League Autumn,9.9,0.46,101.62,16:52,"[{""year"": 2025, ""team"": ""Sunny""}]",https://pubgesports.com/vi/players/2566
2567,Red,Xu Yunbo,China,https://wstatic-prod.pubgesports.com/web/live/main_216c17e/img/21c48fd.png,pubg_players\images\2567.png,Sunny,2025 PUBG Champions League Autumn,12.2,0.17,87.94,13:49,"[{""year"": 2025, ""team"": ""Sunny""}]",https://pubgesports.com/vi/players/2567
2568,Rui,Cui Mingrui,China,https://wstatic-prod.pubgesports.com/web/live/main_216c17e/img/21c48fd.png,pubg_players\images\2568.png,Sunny,2025 PUBG Champions League Autumn,8.9,0.56,85.92,18:55,"[{""year"": 2025, ""team"": ""Sunny""}]",https://pubgesports.com/vi/players/2568
2569,xxu,Huang Xu,China,https://wstatic-prod.pubgesports.com/web/live/main_216c17e/img/21c48fd.png,pubg_players\images\2569.png,Sunny,2025 PUBG Champions League Autumn,12.5,0.5,76.84,11:54,"[{""year"": 2025, ""team"": ""Sunny""}]",https://pubgesports.com/vi/players/2569
2570,N1ce995,Wang Zhenning,China,https://wstatic-prod.pubgesports.com/web/live/main_216c17e/img/21c48fd.png,pubg_players\images\2570.png,Sunny,2025 PUBG Champions League Autumn,11.3,0.25,68.28,13:57,"[{""year"": 2025, ""team"": ""Sunny""}]",https://pubgesports.com/vi/players/2570
2572,HYEONTAE,Ahn Hyeontae,Korea (the Republic of),https://wstatic-prod.pubgesports.com/web/live/main_216c17e/img/21c48fd.png,pubg_players\images\2572.png,XGZ,2025 PUBG WEEKLY SERIES: Phase 2,13.7,0.17,74.3,09:48,"[{""year"": 2025, ""team"": ""XGZ""}]",https://pubgesports.com/vi/players/2572
2573,Quad,Park Soohyuk,Korea (the Republic of),https://wstatic-prod.pubgesports.com/web/live/main_216c17e/img/21c48fd.png,pubg_players\images\2573.png,XGZ,2025 PUBG WEEKLY SERIES: Phase 2,13.7,0.17,40.99,08:26,"[{""year"": 2025, ""team"": ""XGZ""}]",https://pubgesports.com/vi/players/2573
2574,KeonGOD,Kim Mingeon,Korea (the Republic of),https://wstatic-prod.pubgesports.com/web/live/main_216c17e/img/21c48fd.png,pubg_players\images\2574.png,XGZ,2025 PUBG WEEKLY SERIES: Phase 2,13.7,0.17,26.55,09:18,"[{""year"": 2025, ""team"": ""XGZ""}]",https://pubgesports.com/vi/players/2574
2575,Despair,Gil Taehyeon,Korea (the Republic of),https://wstatic-prod.pubgesports.com/web/live/main_216c17e/img/21c48fd.png,pubg_players\images\2575.png,HPG,2025 PUBG WEEKLY SERIES: Phase 2,8.3,0.33,119.1,20:45,"[{""year"": 2025, ""team"": ""HPG""}]",https://pubgesports.com/vi/players/2575
2576,tsm8,Tak Seungmin,Korea (the Republic of),https://wstatic-prod.pubgesports.com/web/live/main_216c17e/img/21c48fd.png,pubg_players\images\2576.png,HPG,2025 PUBG WEEKLY SERIES: Phase 2,8.3,0.17,63.01,16:56,"[{""year"": 2025, ""team"": ""HPG""}]",https://pubgesports.com/vi/players/2576
2577,youth,Lee Dogyoung,Korea (the Republic of),https://wstatic-prod.pubgesports.com/web/live/main_216c17e/img/21c48fd.png,pubg_players\images\2577.png,HPG,2025 PUBG WEEKLY SERIES: Phase 2,10.3,0.72,162.51,17:46,"[{""year"": 2025, ""team"": ""HPG""}]",https://pubgesports.com/vi/players/2577
2578,LaVi,Shin Taehwan,Korea (the Republic of),https://wstatic-prod.pubgesports.com/web/live/main_216c17e/img/21c48fd.png,pubg_players\images\2578.png,Fatal X,2025 PUBG WEEKLY SERIES: Phase 2,11.5,0.17,19.39,15:01,"[{""year"": 2025, ""team"": ""Fatal X""}]",https://pubgesports.com/vi/players/2578
2579,Junmin,Lee Junmin,Korea (the Republic of),https://wstatic-prod.pubgesports.com/web/live/main_216c17e/img/21c48fd.png,pubg_players\images\2579.png,Fatal X,2025 PUBG WEEKLY SERIES: Phase 2,11.5,0.33,66.45,11:46,"[{""year"": 2025, ""team"": ""Fatal X""}]",https://pubgesports.com/vi/players/2579
2580,liVershot,Lee Donghoon,Korea (the Republic of),https://wstatic-prod.pubgesports.com/web/live/main_216c17e/img/21c48fd.png,pubg_players\images\2580.png,Fatal X,2025 PUBG WEEKLY SERIES: Phase 2,11.5,0.5,102.89,14:06,"[{""year"": 2025, ""team"": ""Fatal X""}]",https://pubgesports.com/vi/players/2580
2581,saebyuk,Lee Seungan,Korea (the Republic of),https://wstatic-prod.pubgesports.com/web/live/main_216c17e/img/21c48fd.png,pubg_players\images\2581.png,Fatal X,2025 PUBG WEEKLY SERIES: Phase 2,11.5,,49.27,13:34,"[{""year"": 2025, ""team"": ""Fatal X""}]",https://pubgesports.com/vi/players/2581
2582,Lerur,Park Jidam,Korea (the Republic of),https://wstatic-prod.pubgesports.com/web/live/main_216c17e/img/21c48fd.png,pubg_players\images\2582.png,Fatal X,2025 PUBG WEEKLY SERIES: Phase 2,,,,-,"[{""year"": 2025, ""team"": ""Fatal X""}]",https://pubgesports.com/vi/players/2582
2583,godfer,Mantas Marciukaitis,Lithuania,https://wstatic-prod.pubgesports.com/web/live/main_216c17e/img/21c48fd.png,pubg_players\images\2583.png,Circus Crew,PUBG EMEA Championship: Fall,9.5,0.72,156.2,20:06,"[{""year"": 2025, ""team"": ""Circus Crew""}]",https://pubgesports.com/vi/players/2583
2584,Arta,Artas Kuzmenko,Lithuania,https://wstatic-prod.pubgesports.com/web/live/main_216c17e/img/21c48fd.png,pubg_players\images\2584.png,Circus Crew,PUBG EMEA Championship: Fall,9.1,0.64,152.16,19:49,"[{""year"": 2025, ""team"": ""Circus Crew""}]",https://pubgesports.com/vi/players/2584
2585,gwenhai,Gwyneth Evans,-,https://wstatic-prod.pubgesports.com/web/live/main_216c17e/img/21c48fd.png,pubg_players\images\2585.png,Acend,PUBG EMEA Championship: Fall,,,,-,"[{""year"": 2025, ""team"": ""Acend""}]",https://pubgesports.com/vi/players/2585
2586,TOYGAR,Halit Toygar Tökel,-,https://wstatic-prod.pubgesports.com/web/live/main_216c17e/img/21c48fd.png,pubg_players\images\2586.png,Creff,PUBG EMEA Championship: Fall,8.9,0.52,130.26,19:17,"[{""year"": 2025, ""team"": ""Creff""}]",https://pubgesports.com/vi/players/2586
2587,h0pejj,Illia Hopejov,-,https://wstatic-prod.pubgesports.com/web/live/main_216c17e/img/21c48fd.png,pubg_players\images\2587.png,Hands of Hope,PUBG EMEA Championship: Fall,7.3,0.75,196.92,22:19,"[{""year"": 2025, ""team"": ""Hands of Hope""}]",https://pubgesports.com/vi/players/2587
2588,S1mon,Lazar Simonovic,-,https://wstatic-prod.pubgesports.com/web/live/main_216c17e/img/21c48fd.png,pubg_players\images\2588.png,Joga Bonito,PUBG EMEA Championship: Fall,9.2,0.93,223.3,18:37,"[{""year"": 2025, ""team"": ""Joga Bonito""}]",https://pubgesports.com/vi/players/2588
2589,fLxzeraa,Dino Stiblo,-,https://wstatic-prod.pubgesports.com/web/live/main_216c17e/img/21c48fd.png,pubg_players\images\2589.png,Joga Bonito,PUBG EMEA Championship: Fall,,,,-,"[{""year"": 2025, ""team"": ""Joga Bonito""}]",https://pubgesports.com/vi/players/2589
2590,NIPA,Niilo Urpomäki,-,https://wstatic-prod.pubgesports.com/web/live/main_216c17e/img/21c48fd.png,pubg_players\images\2590.png,Kitchen,PUBG EMEA Championship: Fall,12.0,0.29,79.5,15:35,"[{""year"": 2025, ""team"": ""kitchen""}]",https://pubgesports.com/vi/players/2590
2591,CaitY,Cahit Kaan Gergin,-,https://wstatic-prod.pubgesports.com/web/live/main_216c17e/img/21c48fd.png,pubg_players\images\2591.png,Respawn,PUBG EMEA Championship: Fall,12.0,0.28,62.74,15:51,"[{""year"": 2025, ""team"": ""Respawn""}]",https://pubgesports.com/vi/players/2591
2592,TNG,Aymen Hidoussi,-,https://wstatic-prod.pubgesports.com/web/live/main_216c17e/img/21c48fd.png,pubg_players\images\2592.png,The Myth of,PUBG EMEA Championship: Fall,,,,-,"[{""year"": 2025, ""team"": ""The Myht Of""}]",https://pubgesports.com/vi/players/2592
2594,Burgh,Nicholas Daniel Schell,-,https://wstatic-prod.pubgesports.com/web/live/main_216c17e/img/21c48fd.png,pubg_players\images\2594.png,Collector,PUBG Americas Series 6,,,,-,"[{""year"": 2025, ""team"": ""Collector""}]",https://pubgesports.com/vi/players/2594
2595,Dreamzz,Fabian Adrian Pawluk,-,https://wstatic-prod.pubgesports.com/web/live/main_216c17e/img/21c48fd.png,pubg_players\images\2595.png,Collector,PUBG Americas Series 6,9.7,0.63,134.56,19:16,"[{""year"": 2025, ""team"": ""Collector""}]",https://pubgesports.com/vi/players/2595
2596,n0ran,Norman Leonel Tevez,-,https://wstatic-prod.pubgesports.com/web/live/main_216c17e/img/21c48fd.png,pubg_players\images\2596.png,DEPORTIVO MERLO,PUBG Americas Series 6,,,,-,"[{""year"": 2025, ""team"": ""DEPORTIVO MERLO""}]",https://pubgesports.com/vi/players/2596
2597,BLISSED,Scott James Dewhurst,-,https://wstatic-prod.pubgesports.com/web/live/main_216c17e/img/21c48fd.png,pubg_players\images\2597.png,4DOGZ,PUBG Americas Series 6,9.6,0.43,108.14,16:19,"[{""year"": 2025, ""team"": ""4DOGZ""}]",https://pubgesports.com/vi/players/2597
2598,lucidfreak,Nicholas Marc Warren,-,https://wstatic-prod.pubgesports.com/web/live/main_216c17e/img/21c48fd.png,pubg_players\images\2598.png,4DOGZ,PUBG Americas Series 6,9.6,0.55,103.72,18:42,"[{""year"": 2025, ""team"": ""4DOGZ""}]",https://pubgesports.com/vi/players/2598
2599,VRPL,Tyler James Lund,-,https://wstatic-prod.pubgesports.com/web/live/main_216c17e/img/21c48fd.png,pubg_players\images\2599.png,4DOGZ,PUBG Americas Series 6,9.6,0.43,92.17,17:49,"[{""year"": 2025, ""team"": ""4DOGZ""}]",https://pubgesports.com/vi/players/2599
2600,Soapylicious,Garrett Keleko Russell,-,https://wstatic-prod.pubgesports.com/web/live/main_216c17e/img/21c48fd.png,pubg_players\images\2600.png,DUEL,PUBG Americas Series 6,,,,-,"[{""year"": 2025, ""team"": ""DUEL""}]",https://pubgesports.com/vi/players/2600
2602,FranXzz,Franco Milazzo,-,https://wstatic-prod.pubgesports.com/web/live/main_216c17e/img/21c48fd.png,pubg_players\images\2602.png,Bonde do Galo,PUBG Americas Series 6,11.3,0.46,130.19,16:59,"[{""year"": 2025, ""team"": ""Bonde do Galo""}]",https://pubgesports.com/vi/players/2602
2603,Its22cm,João Paulo Seixas Merlo Junior,-,https://wstatic-prod.pubgesports.com/web/live/main_216c17e/img/21c48fd.png,pubg_players\images\2603.png,Bonde do Galo,PUBG Americas Series 6,11.8,0.58,135.72,14:30,"[{""year"": 2025, ""team"": ""Bonde do Galo""}]",https://pubgesports.com/vi/players/2603
2604,thxroz,Klayver Pierre Marques Figueiredo,-,https://wstatic-prod.pubgesports.com/web/live/main_216c17e/img/21c48fd.png,pubg_players\images\2604.png,Bonde do Galo,PUBG Americas Series 6,11.4,0.75,157.93,15:37,"[{""year"": 2025, ""team"": ""Bonde do Galo""}]",https://pubgesports.com/vi/players/2604
2605,ThugFaast,Gustavo Henrique Silva Ramos,-,https://wstatic-prod.pubgesports.com/web/live/main_216c17e/img/21c48fd.png,pubg_players\images\2605.png,MAXWIN,PUBG Americas Series 6,,,,-,"[{""year"": 2025, ""team"": ""MAXWIN""}]",https://pubgesports.com/vi/players/2605
2606,Blissey,Chance Hunter Caby Doyle,-,https://wstatic-prod.pubgesports.com/web/live/main_216c17e/img/21c48fd.png,pubg_players\images\2606.png,PEST Control,PUBG Americas Series 6,9.2,1.22,229.2,20:20,"[{""year"": 2025, ""team"": ""PEST Control""}]",https://pubgesports.com/vi/players/2606
2607,Grizz,Alexander Beresford Matteson,-,https://wstatic-prod.pubgesports.com/web/live/main_216c17e/img/21c48fd.png,pubg_players\images\2607.png,PEST Control,PUBG Americas Series 6,8.0,1.0,88.69,19:08,"[{""year"": 2025, ""team"": ""PEST Control""}]",https://pubgesports.com/vi/players/2607
2608,CherryVibes,Tyrone K Ramsey,-,https://wstatic-prod.pubgesports.com/web/live/main_216c17e/img/21c48fd.png,pubg_players\images\2608.png,Yaho,PUBG Americas Series 6,10.3,0.75,132.45,17:48,"[{""year"": 2025, ""team"": ""Yaho""}]",https://pubgesports.com/vi/players/2608
2609,Psycho,Matthew Atkerson,-,https://wstatic-prod.pubgesports.com/web/live/main_216c17e/img/21c48fd.png,pubg_players\images\2609.png,Collector,PUBG Americas Series 6,9.7,0.54,121.06,19:00,"[{""year"": 2025, ""team"": ""Collector""}]",https://pubgesports.com/vi/players/2609
2610,hiro,Nikita Zayats,Russia,https://wstatic-prod.pubgesports.com/web/live/main_216c17e/img/21c48fd.png,pubg_players\images\2610.png,Hands of Hope,PUBG EMEA Championship: Fall,7.3,0.83,183.69,21:58,"[{""year"": 2025, ""team"": ""Hands of Hope""}]",https://pubgesports.com/vi/players/2610
2611,Huka,Lee Jaehyun,Korea (the Republic of),https://wstatic-prod.pubgesports.com/web/live/main_216c17e/img/21c48fd.png,pubg_players\images\2611.png,PNKO,2025 PUBG WEEKLY SERIES: Phase 2,11.8,0.28,80.95,13:10,"[{""year"": 2025, ""team"": ""PNKO""}]",https://pubgesports.com/vi/players/2611
2612,asx4d,Jang Yeongjin,Korea (the Republic of),https://wstatic-prod.pubgesports.com/web/live/main_216c17e/img/21c48fd.png,pubg_players\images\2612.png,PNKO,2025 PUBG WEEKLY SERIES: Phase 2,11.0,1.0,171.83,18:28,"[{""year"": 2025, ""team"": ""PNKO""}]",https://pubgesports.com/vi/players/2612
2613,Entia,Kim Minjun,Korea (the Republic of),https://wstatic-prod.pubgesports.com/web/live/main_216c17e/img/21c48fd.png,pubg_players\images\2613.png,PNKO,2025 PUBG WEEKLY SERIES: Phase 2,11.0,0.5,129.31,18:59,"[{""year"": 2025, ""team"": ""PNKO""}]",https://pubgesports.com/vi/players/2613
2614,JaechanE,Kim Jaechan,Korea (the Republic of),https://wstatic-prod.pubgesports.com/web/live/main_216c17e/img/21c48fd.png,pubg_players\images\2614.png,GamDaSal,2025 PUBG WEEKLY SERIES: Phase 2,8.4,0.88,154.76,19:00,"[{""year"": 2025, ""team"": ""GamDasal""}]",https://pubgesports.com/vi/players/2614
2615,lawn,In Donghyun,Korea (the Republic of),https://wstatic-prod.pubgesports.com/web/live/main_216c17e/img/21c48fd.png,pubg_players\images\2615.png,GamDaSal,2025 PUBG WEEKLY SERIES: Phase 2,8.4,0.92,226.65,18:39,"[{""year"": 2025, ""team"": ""GamDasal""}]",https://pubgesports.com/vi/players/2615
2616,Left,Jeong Taehyun,Korea (the Republic of),https://wstatic-prod.pubgesports.com/web/live/main_216c17e/img/21c48fd.png,pubg_players\images\2616.png,GamDaSal,2025 PUBG WEEKLY SERIES: Phase 2,8.4,1.17,197.72,18:19,"[{""year"": 2025, ""team"": ""GamDasal""}]",https://pubgesports.com/vi/players/2616
2617,nosightge,Im YoungJun,Korea (the Republic of),https://wstatic-prod.pubgesports.com/web/live/main_216c17e/img/21c48fd.png,pubg_players\images\2617.png,TAG,2025 PUBG WEEKLY SERIES: Phase 2,,,,-,"[{""year"": 2025, ""team"": ""TAG""}]",https://pubgesports.com/vi/players/2617
2618,Duri,So Jihwan,Korea (the Republic of),https://wstatic-prod.pubgesports.com/web/live/main_216c17e/img/21c48fd.png,pubg_players\images\2618.png,ProDreamEsports,2025 PUBG WEEKLY SERIES: Phase 2,8.7,0.94,231.58,18:40,"[{""year"": 2025, ""team"": ""ProDreamEsports""}]",https://pubgesports.com/vi/players/2618
2619,suppress,Heo Seogyeong,Korea (the Republic of),https://wstatic-prod.pubgesports.com/web/live/main_216c17e/img/21c48fd.png,pubg_players\images\2619.png,Cheon Sang Gye,2025 PUBG WEEKLY SERIES: Phase 2,9.0,0.78,175.84,16:53,"[{""year"": 2025, ""team"": ""Cheon Sang Gye""}]",https://pubgesports.com/vi/players/2619
2620,Shift,Kim Minjae,Korea (the Republic of),https://wstatic-prod.pubgesports.com/web/live/main_216c17e/img/21c48fd.png,pubg_players\images\2620.png,Cheon Sang Gye,2025 PUBG WEEKLY SERIES: Phase 2,9.0,0.89,179.32,17:38,"[{""year"": 2025, ""team"": ""Cheon Sang Gye""}]",https://pubgesports.com/vi/players/2620
2621,Sinho,Min Jinho,Korea (the Republic of),https://wstatic-prod.pubgesports.com/web/live/main_216c17e/img/21c48fd.png,pubg_players\images\2621.png,Mercedes,2025 PUBG WEEKLY SERIES: Phase 2,8.1,0.72,218.24,20:04,"[{""year"": 2025, ""team"": ""Mercedes""}]",https://pubgesports.com/vi/players/2621
2622,psychopomp,Yoon Hansoo,Korea (the Republic of),https://wstatic-prod.pubgesports.com/web/live/main_216c17e/img/21c48fd.png,pubg_players\images\2622.png,Mercedes,2025 PUBG WEEKLY SERIES: Phase 2,8.1,1.44,308.33,19:48,"[{""year"": 2025, ""team"": ""Mercedes""}]",https://pubgesports.com/vi/players/2622
2623,2baeMaster,Choi Minhyeok,Korea (the Republic of),https://wstatic-prod.pubgesports.com/web/live/main_216c17e/img/21c48fd.png,pubg_players\images\2623.png,Mercedes,2025 PUBG WEEKLY SERIES: Phase 2,8.1,0.67,138.62,18:33,"[{""year"": 2025, ""team"": ""Mercedes""}]",https://pubgesports.com/vi/players/2623
2624,Leica,Hwang Yoonsang,Korea (the Republic of),https://wstatic-prod.pubgesports.com/web/live/main_216c17e/img/21c48fd.png,pubg_players\images\2624.png,Mercedes,2025 PUBG WEEKLY SERIES: Phase 2,8.1,0.22,104.84,20:30,"[{""year"": 2025, ""team"": ""Mercedes""}]",https://pubgesports.com/vi/players/2624
2625,Dojo,Jo Dayoon,Korea (the Republic of),https://wstatic-prod.pubgesports.com/web/live/main_216c17e/img/21c48fd.png,pubg_players\images\2625.png,Mercedes,2025 PUBG WEEKLY SERIES: Phase 2,,,,-,"[{""year"": 2025, ""team"": ""Mercedes""}]",https://pubgesports.com/vi/players/2625
2628,Bart,Ki No-eul,Korea (the Republic of),https://wstatic-prod.pubgesports.com/web/live/main_216c17e/img/21c48fd.png,pubg_players\images\2628.png,Baguette,2025 PUBG WEEKLY SERIES: Phase 2,12.8,0.17,93.61,15:08,"[{""year"": 2025, ""team"": ""Baguette""}]",https://pubgesports.com/vi/players/2628
2629,Dart,Yoon Taewoong,Korea (the Republic of),https://wstatic-prod.pubgesports.com/web/live/main_216c17e/img/21c48fd.png,pubg_players\images\2629.png,Baguette,2025 PUBG WEEKLY SERIES: Phase 2,12.8,,8.07,14:59,"[{""year"": 2025, ""team"": ""Baguette""}]",https://pubgesports.com/vi/players/2629
2630,Jinhyeok,Choi Jinhyeok,Korea (the Republic of),https://wstatic-prod.pubgesports.com/web/live/main_216c17e/img/21c48fd.png,pubg_players\images\2630.png,Baguette,2025 PUBG WEEKLY SERIES: Phase 2,12.8,,23.31,16:18,"[{""year"": 2025, ""team"": ""Baguette""}]",https://pubgesports.com/vi/players/2630
2631,G0Gyu,Lee Gyoengyu,Korea (the Republic of),https://wstatic-prod.pubgesports.com/web/live/main_216c17e/img/21c48fd.png,pubg_players\images\2631.png,Baguette,2025 PUBG WEEKLY SERIES: Phase 2,12.8,,48.92,14:59,"[{""year"": 2025, ""team"": ""Baguette""}]",https://pubgesports.com/vi/players/2631
2632,MrBee,Do Van Toan,-,https://wstatic-prod.pubgesports.com/web/live/main_216c17e/img/21c48fd.png,pubg_players\images\2632.png,TDT Esports,-,,,,-,[],https://pubgesports.com/vi/players/2632
2633,Aleo,Doan Minh Tri,-,https://wstatic-prod.pubgesports.com/web/live/main_216c17e/img/21c48fd.png,pubg_players\images\2633.png,WinD Esport,PGS APAC Qualifiers 2025 Phase 2,,,,-,"[{""year"": 2025, ""team"": ""WinD Esport""}]",https://pubgesports.com/vi/players/2633
2634,Br1annn,Vo Hoang Anh Dung,-,https://wstatic-prod-boc.krafton.com/common/player/20260317/dM1jFZAg/FCE_Br1annn.png,pubg_players\images\2634.png,FINHAY CERBERUS,2026 PUBG Global Series 6,10.2,,50.66,16:40,"[{""year"": 2026, ""team"": ""FINHAY CERBERUS""}, {""year"": 2025, ""team"": ""New House Esports""}]",https://pubgesports.com/vi/players/2634
2635,Himmel,Nguyen Viet Hoang,-,https://wstatic-prod.pubgesports.com/web/live/main_216c17e/img/21c48fd.png,pubg_players\images\2635.png,Fight For Life,PGS APAC Qualifiers 2025 Phase 2,11.2,0.33,41.21,16:52,"[{""year"": 2025, ""team"": ""Fight For Life""}]",https://pubgesports.com/vi/players/2635
2637,Demonhrs,Lance Koby Guinez,-,https://wstatic-prod.pubgesports.com/web/live/main_216c17e/img/21c48fd.png,pubg_players\images\2637.png,Happie SQUAD,PGS APAC Qualifiers 2025 Phase 2,,,,-,"[{""year"": 2025, ""team"": ""HAPPIE SQUAD""}]",https://pubgesports.com/vi/players/2637
2638,DirgaGho,Dirgantara Setiawan,-,https://wstatic-prod.pubgesports.com/web/live/main_216c17e/img/21c48fd.png,pubg_players\images\2638.png,Shadow Esport,PGS APAC Qualifiers 2025 Phase 2,,,,-,"[{""year"": 2025, ""team"": ""Shadow Esport""}]",https://pubgesports.com/vi/players/2638
2639,Longday,Tran Thanh Long,Vietnam,https://wstatic-prod.pubgesports.com/web/live/main_216c17e/img/21c48fd.png,pubg_players\images\2639.png,Fight For Life,PGS APAC Qualifiers 2025 Phase 2,11.3,0.39,94.43,17:32,"[{""year"": 2025, ""team"": ""Fight For Life""}]",https://pubgesports.com/vi/players/2639
2640,MaengGu,Unknown,Korea (the Republic of),https://wstatic-prod.pubgesports.com/web/live/main_216c17e/img/21c48fd.png,pubg_players\images\2640.png,TAG,2025 PUBG WEEKLY SERIES: Phase 2,9.3,1.5,197.63,18:56,"[{""year"": 2025, ""team"": ""TAG""}]",https://pubgesports.com/vi/players/2640
2641,Select,Unknown,Korea (the Republic of),https://wstatic-prod.pubgesports.com/web/live/main_216c17e/img/21c48fd.png,pubg_players\images\2641.png,7Royal,2025 PUBG WEEKLY SERIES: Phase 2,11.2,0.83,132.62,15:35,"[{""year"": 2025, ""team"": ""7Royal""}]",https://pubgesports.com/vi/players/2641
2642,Soda,Unknown,Korea (the Republic of),https://wstatic-prod.pubgesports.com/web/live/main_216c17e/img/21c48fd.png,pubg_players\images\2642.png,7Royal,2025 PUBG WEEKLY SERIES: Phase 2,11.2,0.33,75.1,17:35,"[{""year"": 2025, ""team"": ""7Royal""}]",https://pubgesports.com/vi/players/2642
2643,Caslte,Unknown,Korea (the Republic of),https://wstatic-prod.pubgesports.com/web/live/main_216c17e/img/21c48fd.png,pubg_players\images\2643.png,HPG,2025 PUBG WEEKLY SERIES: Phase 2,11.3,0.67,105.37,17:05,"[{""year"": 2025, ""team"": ""HPG""}]",https://pubgesports.com/vi/players/2643
2644,Mugong,Unknown,Korea (the Republic of),https://wstatic-prod.pubgesports.com/web/live/main_216c17e/img/21c48fd.png,pubg_players\images\2644.png,PNKO,2025 PUBG WEEKLY SERIES: Phase 2,12.2,0.08,25.0,13:18,"[{""year"": 2025, ""team"": ""PNKO""}]",https://pubgesports.com/vi/players/2644
2645,Jimin,Unknown,Korea (the Republic of),https://wstatic-prod.pubgesports.com/web/live/main_216c17e/img/21c48fd.png,pubg_players\images\2645.png,PNKO,2025 PUBG WEEKLY SERIES: Phase 2,12.2,0.08,96.18,15:44,"[{""year"": 2025, ""team"": ""PNKO""}]",https://pubgesports.com/vi/players/2645
2647,ares,Arne Hannack,-,https://wstatic-prod-boc.krafton.com/common/player/20260622/2Q3fJU7w/GER_ares.png,pubg_players\images\2647.png,GERMANY,PUBG NATIONS CUP 2026,8.0,0.87,151.64,18:05,"[{""year"": 2026, ""team"": ""GERMANY""}]",https://pubgesports.com/vi/players/2647
2648,emikxz,Emiliano Nicolas Fidalgo,-,https://wstatic-prod-boc.krafton.com/common/player/20260622/L1diIj3l/ARG_emikxz.png,pubg_players\images\2648.png,ARGENTINA,PUBG NATIONS CUP 2026,8.8,0.76,153.78,19:22,"[{""year"": 2026, ""team"": ""ARGENTINA""}]",https://pubgesports.com/vi/players/2648
2649,SniPauL,Anirban Paul,-,https://wstatic-prod-boc.krafton.com/common/player/20260622/YdlwkAha/IND_SniPauL.png,pubg_players\images\2649.png,INDIA,PUBG NATIONS CUP 2026,10.7,0.3,88.22,15:44,"[{""year"": 2026, ""team"": ""INDIA""}]",https://pubgesports.com/vi/players/2649
2650,TuhinMAX10,Tuhin Biswas,-,https://wstatic-prod-boc.krafton.com/common/player/20260622/DbslX4w1/IND_TuhinMAX10.png,pubg_players\images\2650.png,INDIA,-,,,,-,[],https://pubgesports.com/vi/players/2650
2651,QueenV3WHL,Risky Junaidi Putra,-,https://wstatic-prod-boc.krafton.com/common/player/20260622/gOUG5JNu/INA_QueenV3WHL.png,pubg_players\images\2651.png,INDONESIA,PUBG NATIONS CUP 2026,11.3,0.27,104.66,16:02,"[{""year"": 2026, ""team"": ""INDONESIA""}]",https://pubgesports.com/vi/players/2651
2653,SlyDD,Muhammad Aiman Bin Mohamed Halim,-,https://wstatic-prod-boc.krafton.com/common/player/20260622/szrJu8dl/MAS_SlyDD.png,pubg_players\images\2653.png,MALAYSIA,PUBG NATIONS CUP 2026,6.9,,58.47,19:45,"[{""year"": 2026, ""team"": ""MALAYSIA""}]",https://pubgesports.com/vi/players/2653
2654,iamf1ve,Simonovich Daniil,-,https://wstatic-prod-boc.krafton.com/common/player/20260622/IUj7VnKB/KAZ_iamf1ve.png,pubg_players\images\2654.png,KAZAKHSTAN,PUBG NATIONS CUP 2026,7.3,0.7,224.87,20:06,"[{""year"": 2026, ""team"": ""KAZAKHSTAN""}]",https://pubgesports.com/vi/players/2654
2655,210,Nedelin Dmitriy,-,https://wstatic-prod-boc.krafton.com/common/player/20260622/ejTtBUfr/KAZ_210.png,pubg_players\images\2655.png,KAZAKHSTAN,PUBG NATIONS CUP 2026,6.4,0.8,135.74,21:59,"[{""year"": 2026, ""team"": ""KAZAKHSTAN""}]",https://pubgesports.com/vi/players/2655
2656,Verstory,Kolbanov Vladimir Vladimirovich,-,https://wstatic-prod-boc.krafton.com/common/player/20260622/xEvpH50M/KAZ_Verstory.png,pubg_players\images\2656.png,KAZAKHSTAN,PUBG NATIONS CUP 2026,8.2,,98.68,17:41,"[{""year"": 2026, ""team"": ""KAZAKHSTAN""}]",https://pubgesports.com/vi/players/2656
2657,iExE,Elias Anttoni Karjalainen,-,https://wstatic-prod-boc.krafton.com/common/player/20260622/a0yfiinS/FIN_iExE.png,pubg_players\images\2657.png,FINLAND,PUBG NATIONS CUP 2026,9.0,0.32,110.33,18:09,"[{""year"": 2026, ""team"": ""FINLAND""}]",https://pubgesports.com/vi/players/2657
2658,S4TTA,Eetu Kalevi Satta,-,https://wstatic-prod-boc.krafton.com/common/player/20260622/uRLLYwV8/FIN_s4tta.png,pubg_players\images\2658.png,FINLAND,PUBG NATIONS CUP 2026,9.0,1.0,182.73,19:34,"[{""year"": 2026, ""team"": ""FINLAND""}]",https://pubgesports.com/vi/players/2658
2666,Taikonn,Ha Huu Tai,Vietnam,https://wstatic-prod-boc.krafton.com/common/player/20260804/4MrxxIY3/APG_Taikonn.png,pubg_players\images\2666.png,Alpha Gaming,2026 PUBG Global Series 7,11.3,0.5,135.9,14:37,"[{""year"": 2026, ""team"": ""Alpha Gaming""}]",https://pubgesports.com/vi/players/2666
2667,pauu,Duong Cam Hoa,Vietnam,https://wstatic-prod-boc.krafton.com/common/player/20260804/GGzZmt0S/APG_pauu.png,pubg_players\images\2667.png,Alpha Gaming,2026 PUBG Global Series 7,11.3,0.67,77.94,15:38,"[{""year"": 2026, ""team"": ""Alpha Gaming""}]",https://pubgesports.com/vi/players/2667
2669,YmCud,Pham Duc My,-,https://wstatic-prod-boc.krafton.com/common/player/20260804/O0flYgPF/APG_YmCud.png,pubg_players\images\2669.png,Alpha Gaming,-,,,,-,[],https://pubgesports.com/vi/players/2669
